INSERT INTO program_comp (idprogram) VALUES(458134636);
INSERT INTO program_comp (idprogram) VALUES(1349531118);
INSERT INTO program_comp (idprogram) VALUES(1343279926);
INSERT INTO program_comp (idprogram) VALUES(1270189464);
INSERT INTO program_comp (idprogram) VALUES(1843226349);
INSERT INTO program_comp (idprogram) VALUES(467337084);
INSERT INTO program_comp (idprogram) VALUES(1336003443);


INSERT INTO program_impl (idprogram, name, description, target, partner, logoUrl, executionDate) VALUES(458134636,'Kita Belanja','Program Belanja dari Bisa Kita yang bertujuan untuk dapat membantu warga sekitar dalam mendapatkan sayur hidroponik dan daging berkualitas','Warga Cakung','BisaKita','https://images.freeimages.com/images/large-previews/13e/my-cat-1363423.jpg',NULL);
INSERT INTO program_impl (idprogram, name, description, target, partner, logoUrl, executionDate) VALUES(1349531118,'Makan Sehat','Makan Sehat adalah program untuk makanan sehat dan bergizi untuk santri raudhotul muhibbin',' Santri Raudhotul Muhibbin','Warga Jatinegara Baru','https://images.freeimages.com/images/large-previews/aff/winter-in-holland-1396288.jpg',NULL);
INSERT INTO program_impl (idprogram, name, description, target, partner, logoUrl, executionDate) VALUES(1343279926,'Khitanan','Khitanan adalah program dari DKM Masjid Al-Jabbar yang menggratiskan khitanan untuk 40 orang warga. Bekerjasama dengan dokter bedah dari Rumah Sakit Umum Koja. Sebelum proses khitanan terdapat games dan nonton film anak-anak muslim muslimah.',' Usia 4 - 12 tahun','Dokter RS Koja','https://images.freeimages.com/images/large-previews/03b/abstract-series-13-1529920.jpg',NULL);
INSERT INTO program_impl (idprogram, name, description, target, partner, logoUrl, executionDate) VALUES(1270189464,'Sumur Desa Makmur','Program untuk mendirikan sumur baru di desa makmur untuk warga desa','warga desa makmur','Bupati Rawabening','https://images.freeimages.com/images/large-previews/315/a-kayak-rider-passing-by-1641874.jpg',NULL);
INSERT INTO program_impl (idprogram, name, description, target, partner, logoUrl, executionDate) VALUES(1843226349,'Indonesia Melihat Jernih','Program periksa mata, penyediaan kacamata dan penyembuhan katarak untuk warga desa rawabakti', 'Warga rawa bakti', 'UNESCA','https://images.freeimages.com/images/large-previews/655/colorful-architecture-1-1216925.jpg',NULL);
INSERT INTO program_impl (idprogram, name, description, target, partner, logoUrl, executionDate) VALUES(467337084,'Posko Peduli','Program untuk menyediakan posko untuk warga luwu yang telah kehilangan rumah karena banjir bandang','warga luwu','Fondasi Peduli Bencana','https://images.freeimages.com/images/large-previews/d8a/perfect-blue-buildings-2-1235862.jpg',NULL);
INSERT INTO program_impl (idprogram, name, description, target, partner, logoUrl, executionDate) VALUES(1336003443,'Say No To Drugs','Program untuk menyingkirkan obat-obatan terlarang di daerah jatimangun sekaligus menyediakan pusat rehabilitasi untuk pecandu obat terlarang','warga jatimangun','Fondasi Walt','https://images.freeimages.com/images/large-previews/6ea/sting-ray-1197143.jpg',NULL);

insert into program_comp(idprogram) VALUES(1529854260);
insert into program_comp(idprogram) VALUES(1489039490);
insert into program_comp(idprogram) VALUES(1031489310);
insert into program_comp(idprogram) VALUES(590686787);

insert into program_impl(idprogram, name, description, target, partner, logoUrl, executionDate) VALUES(1529854260, 'Santunan Yuk!', 'Pemberian Santunan pada Anak Yatim, Piatu, dan Yatim Piatu', '100000000', '', '', '');
insert into program_impl(idprogram, name, description, target, partner, logoUrl, executionDate) VALUES(1031489310, 'Sembako Berkah', 'Pembagian sembako kepada korban bencana gempa Cianjur', '750000000', '', '', '');

insert into program_operational(idprogram, record_idprogram) VALUES(1489039490, 1529854260);
insert into program_operational(idprogram, record_idprogram) VALUES(590686787 ,1031489310);

INSERT INTO public.chartofaccount_comp (id) VALUES (10000);
INSERT INTO public.chartofaccount_comp (id) VALUES (11000);
INSERT INTO public.chartofaccount_comp (id) VALUES (11100);
INSERT INTO public.chartofaccount_comp (id) VALUES (11200);
INSERT INTO public.chartofaccount_comp (id) VALUES (12000);
INSERT INTO public.chartofaccount_comp (id) VALUES (12100);
INSERT INTO public.chartofaccount_comp (id) VALUES (12200);
INSERT INTO public.chartofaccount_comp (id) VALUES (19000);
INSERT INTO public.chartofaccount_comp (id) VALUES (40000);
INSERT INTO public.chartofaccount_comp (id) VALUES (41000);
INSERT INTO public.chartofaccount_comp (id) VALUES (41010);
INSERT INTO public.chartofaccount_comp (id) VALUES (41020);
INSERT INTO public.chartofaccount_comp (id) VALUES (42000);
INSERT INTO public.chartofaccount_comp (id) VALUES (42010);
INSERT INTO public.chartofaccount_comp (id) VALUES (42020);
INSERT INTO public.chartofaccount_comp (id) VALUES (43000);
INSERT INTO public.chartofaccount_comp (id) VALUES (43010);
INSERT INTO public.chartofaccount_comp (id) VALUES (43020);
INSERT INTO public.chartofaccount_comp (id) VALUES (43099);
INSERT INTO public.chartofaccount_comp (id) VALUES (44000);
INSERT INTO public.chartofaccount_comp (id) VALUES (49000);
INSERT INTO public.chartofaccount_comp (id) VALUES (60000);
INSERT INTO public.chartofaccount_comp (id) VALUES (61000);
INSERT INTO public.chartofaccount_comp (id) VALUES (62000);
INSERT INTO public.chartofaccount_comp (id) VALUES (63000);
INSERT INTO public.chartofaccount_comp (id) VALUES (63400);
INSERT INTO public.chartofaccount_comp (id) VALUES (64000);
INSERT INTO public.chartofaccount_comp (id) VALUES (65000);
INSERT INTO public.chartofaccount_comp (id) VALUES (65100);
INSERT INTO public.chartofaccount_comp (id) VALUES (65200);
INSERT INTO public.chartofaccount_comp (id) VALUES (65400);
INSERT INTO public.chartofaccount_comp (id) VALUES (66000);
INSERT INTO public.chartofaccount_comp (id) VALUES (66100);
INSERT INTO public.chartofaccount_comp (id) VALUES (66200);
INSERT INTO public.chartofaccount_comp (id) VALUES (66300);
INSERT INTO public.chartofaccount_comp (id) VALUES (67000);
INSERT INTO public.chartofaccount_comp (id) VALUES (68000);
INSERT INTO public.chartofaccount_comp (id) VALUES (69000);

INSERT INTO public.chartofaccount_impl (id, code, name, description, isVisible) VALUES (10000, 10000, 'Saldo', '    ',0);
INSERT INTO public.chartofaccount_impl (id, code, name, description, isVisible) VALUES (11000, 11000, 'Rekening Bank', '    ',0);
INSERT INTO public.chartofaccount_impl (id, code, name, description, isVisible) VALUES (11100, 11100, 'Rekening Bank - Khusus', 'Saldo yang tersimpan di rekening bank, untuk kebutuhan/pembiayaan khusus, seperti rekening untuk zakat fithrah, hanya untuk fakir miskin saja.',1);
INSERT INTO public.chartofaccount_impl (id, code, name, description, isVisible) VALUES (11200, 11200, 'Rekening Bank - Umum', 'Saldo yang tersimpan di rekening bank, dan memang jelas bebas digunakan untuk institusi sesuai aturan yang berlaku,',1);
INSERT INTO public.chartofaccount_impl (id, code, name, description, isVisible) VALUES (12000, 12000, 'Kas', '    ',0);
INSERT INTO public.chartofaccount_impl (id, code, name, description, isVisible) VALUES (12100, 12100, 'Kas - Umum', 'Saldo yang disimpan pengurus, untuk kebutuhan umum seperti saldo kotak amal Jumat',1);
INSERT INTO public.chartofaccount_impl (id, code, name, description, isVisible) VALUES (12200, 12200, 'Kas - Khusus', 'Saldo yang disimpan pengurus, untuk kebutuhan khusus seperti saldo kas untuk operasional dan konsumsi petugas',1);
INSERT INTO public.chartofaccount_impl (id, code, name, description, isVisible) VALUES (19000, 19000, 'Saldo Lainnya', 'Saldo lainnya dalam bentuk non cash yang dihargai dalam rupiah.',0);
INSERT INTO public.chartofaccount_impl (id, code, name, description, isVisible) VALUES (40000, 40000, 'Penerimaan', '    ',0);
INSERT INTO public.chartofaccount_impl (id, code, name, description, isVisible) VALUES (41000, 41000, 'Donasi Institusi', '    ',0);
INSERT INTO public.chartofaccount_impl (id, code, name, description, isVisible) VALUES (41010, 41010, 'Donasi Pemerintah', 'Donasi dari pemerintah misalnya seperti BLT',1);
INSERT INTO public.chartofaccount_impl (id, code, name, description, isVisible) VALUES (41020, 41020, 'Donasi Swasta (CSR)', 'Donasi dari swasta seperti dari dana CSR atau sumbangan karyawan.',1);
INSERT INTO public.chartofaccount_impl (id, code, name, description, isVisible) VALUES (42000, 42000, 'Donasi Individu', '    ',0);
INSERT INTO public.chartofaccount_impl (id, code, name, description, isVisible) VALUES (42010, 42010, 'Donasi Individu Tercatat', 'Donasi dari individu yang tercatat sumber dan identitas pengirim',1);
INSERT INTO public.chartofaccount_impl (id, code, name, description, isVisible) VALUES (42020, 42020, 'Donasi Anonymous', 'Donasi dari individu yang tidak diketahui sumber nya atau dinyatakan anonymous.',1);
INSERT INTO public.chartofaccount_impl (id, code, name, description, isVisible) VALUES (43000, 43000, 'Penerimaan Hasil Usaha', 'Rekapitulasi segala Penerimaan institusi dari hasil usaha baik usaha internal maupun kerjasama',0);
INSERT INTO public.chartofaccount_impl (id, code, name, description, isVisible) VALUES (43010, 43010, 'Hasil penjualan', 'Penerimaan institusi dari kegiatan penjualan barang',1);
INSERT INTO public.chartofaccount_impl (id, code, name, description, isVisible) VALUES (43020, 43020, 'Hasil upah jasa', 'Penerimaan institusi dari kegiatan upah atau jasa',1);
INSERT INTO public.chartofaccount_impl (id, code, name, description, isVisible) VALUES (43099, 43099, 'Bonus/ Hasil usaha lain-lain', 'Penerimaan institusi dari usaha lain-lain atau bonus/komisi',1);
INSERT INTO public.chartofaccount_impl (id, code, name, description, isVisible) VALUES (44000, 44000, 'Iuran', 'Penerimaan dalam bentuk iuran rutin, seperti iuran kebersihan.',1);
INSERT INTO public.chartofaccount_impl (id, code, name, description, isVisible) VALUES (49000, 49000, 'Penerimaan Lainnya', 'Penerimaan yang belum bisa dikategorikan.',1);
INSERT INTO public.chartofaccount_impl (id, code, name, description, isVisible) VALUES (60000, 60000, 'Pengeluaran', '    ',0);
INSERT INTO public.chartofaccount_impl (id, code, name, description, isVisible) VALUES (61000, 61000, 'Penyaluran donasi', 'Pembiayaan dalam bentuk menyalurkan kembali donasi yang diterima kepada pihak lain, seperti penyaluran zakat maal kepada para mustahiq.',1);
INSERT INTO public.chartofaccount_impl (id, code, name, description, isVisible) VALUES (62000, 62000, 'Gaji dan Honor', 'Pembiayaan untuk gaji dan honor, seperti gaji marbot, gaji keamanan, honor pembicaran, honor ustadz, moderator',1);
INSERT INTO public.chartofaccount_impl (id, code, name, description, isVisible) VALUES (63000, 63000, 'Biaya Umum', 'Biaya untuk kebutuhan umum seperti administrasi, iuran kebersihan, dan keamanan',0);
INSERT INTO public.chartofaccount_impl (id, code, name, description, isVisible) VALUES (63400, 63400, 'Biaya Administrasi', 'Pembiayaan administrasi seperti biaya pengurusan akta notaris, biaya transfer dll',1);
INSERT INTO public.chartofaccount_impl (id, code, name, description, isVisible) VALUES (64000, 64000, 'Biaya Sewa dan Jasa', 'Pembiayaan sewa ruangan, alat, sewa jasa, termasuk jasa biaya tranportasi, kurir, akomodasi',1);
INSERT INTO public.chartofaccount_impl (id, code, name, description, isVisible) VALUES (65000, 65000, 'Pengeluaran Kegiatan/Program', 'Pengeluaran yang terkait dengan kegiatan atau program institusi',1);
INSERT INTO public.chartofaccount_impl (id, code, name, description, isVisible) VALUES (65100, 65100, 'Biaya Publikasi', 'Pembiayaan untuk publikasi program, kegiatan',1);
INSERT INTO public.chartofaccount_impl (id, code, name, description, isVisible) VALUES (65200, 65200, 'Biaya Konsumsi', 'Pembiayaan untuk konsumsi kegiatan/program',1);
INSERT INTO public.chartofaccount_impl (id, code, name, description, isVisible) VALUES (65400, 65400, 'Biaya Peralatan', 'Pembiayaan pembeliaan peralatan untuk kegiatan atau untuk kepentingan ins',1);
INSERT INTO public.chartofaccount_impl (id, code, name, description, isVisible) VALUES (66000, 66000, 'Pengeluaran Umum/Rutin', 'Segala pembiayaan/ pengeluaran yang rutin terjadi atau tidak terikat program/kegiatan khusus',1);
INSERT INTO public.chartofaccount_impl (id, code, name, description, isVisible) VALUES (66100, 66100, 'Biaya Bahan Habis Pakai', 'Pembiayaan bahan habis pakai yang rutin digunakan, seperti printer, sabun, cairan pembersih.',1);
INSERT INTO public.chartofaccount_impl (id, code, name, description, isVisible) VALUES (66200, 66200, 'Biaya Operasional', 'Pembiayaan rutin operasional, seperti listrik, air, internet',1);
INSERT INTO public.chartofaccount_impl (id, code, name, description, isVisible) VALUES (66300, 66300, 'Biaya Perawatan', 'Pembiayaan terkait perawatan aset institusi, termasuk cat tembok rutin.',1);
INSERT INTO public.chartofaccount_impl (id, code, name, description, isVisible) VALUES (67000, 67000, 'Pengembangan SDM/ Pelatihan', 'Pembiayaan Pengembangan Sumber daya Insitutusi, seperti pelatihan, beasiswa, buku.',1);
INSERT INTO public.chartofaccount_impl (id, code, name, description, isVisible) VALUES (68000, 68000, 'Biaya Renovasi/ Reparasi', 'Pembiayaan renovasi, perbaikan kerusakan bangunan, alat, kendaraan',1);
INSERT INTO public.chartofaccount_impl (id, code, name, description, isVisible) VALUES (69000, 69000, 'Biaya-biaya Lainnya', 'Pembiayaan lain yang belum terkategorikan atau belum jelas kategorinya',1);

INSERT INTO public.financialreport_comp (id) VALUES (136797084);
INSERT INTO public.financialreport_comp (id) VALUES (1388483275);
INSERT INTO public.financialreport_comp (id) VALUES (1167247449);
INSERT INTO public.financialreport_comp (id) VALUES (1157936052);
INSERT INTO public.financialreport_comp (id) VALUES (1201953396);
INSERT INTO public.financialreport_comp (id) VALUES (1400048060);
INSERT INTO public.financialreport_comp (id) VALUES (1240456332);
INSERT INTO public.financialreport_comp (id) VALUES (1919840698);
INSERT INTO public.financialreport_comp (id) VALUES (2028214889);
INSERT INTO public.financialreport_comp (id) VALUES (1642167749);
INSERT INTO public.financialreport_comp (id) VALUES (1027445410);
INSERT INTO public.financialreport_comp (id) VALUES (1953009901);
INSERT INTO public.financialreport_comp (id) VALUES (832811356);
INSERT INTO public.financialreport_comp (id) VALUES (411412694);
INSERT INTO public.financialreport_comp (id) VALUES (6667367);
INSERT INTO public.financialreport_comp (id) VALUES (1559536658);
INSERT INTO public.financialreport_comp (id) VALUES (1400763756);
INSERT INTO public.financialreport_comp (id) VALUES (881540967);
INSERT INTO public.financialreport_comp (id) VALUES (1817062699);
INSERT INTO public.financialreport_comp (id) VALUES (783411393);
INSERT INTO public.financialreport_comp (id) VALUES (2143026892);
INSERT INTO public.financialreport_comp (id) VALUES (1260375617);
INSERT INTO public.financialreport_comp (id) VALUES (1744316060);
INSERT INTO public.financialreport_comp (id) VALUES (833283320);
INSERT INTO public.financialreport_comp (id) VALUES (1100084344);
INSERT INTO public.financialreport_comp (id) VALUES (1239680427);
INSERT INTO public.financialreport_comp (id) VALUES (1659899570);
INSERT INTO public.financialreport_comp (id) VALUES (1084147785);
INSERT INTO public.financialreport_comp (id) VALUES (1830411566);
INSERT INTO public.financialreport_comp (id) VALUES (1432990401);
INSERT INTO public.financialreport_comp (id) VALUES (1376415860);
INSERT INTO public.financialreport_comp (id) VALUES (558007821);
INSERT INTO public.financialreport_comp (id) VALUES (817722117);
INSERT INTO public.financialreport_comp (id) VALUES (1216370662);
INSERT INTO public.financialreport_comp (id) VALUES (2061382506);
INSERT INTO public.financialreport_comp (id) VALUES (1686291873);
INSERT INTO public.financialreport_comp (id) VALUES (1942018872);
INSERT INTO public.financialreport_comp (id) VALUES (332886715);
INSERT INTO public.financialreport_comp (id) VALUES (986294365);
INSERT INTO public.financialreport_comp (id) VALUES (879774870);
INSERT INTO public.financialreport_comp (id) VALUES (1131167598);
INSERT INTO public.financialreport_comp (id) VALUES (1229141793);
INSERT INTO public.financialreport_comp (id) VALUES (842971921);
INSERT INTO public.financialreport_comp (id) VALUES (1799375795);
INSERT INTO public.financialreport_comp (id) VALUES (403303456);
INSERT INTO public.financialreport_comp (id) VALUES (275080470);
INSERT INTO public.financialreport_comp (id) VALUES (1614940375);
INSERT INTO public.financialreport_comp (id) VALUES (211374222);
INSERT INTO public.financialreport_comp (id) VALUES (1008740523);
INSERT INTO public.financialreport_comp (id) VALUES (69462978);


INSERT INTO public.financialreport_impl (amount, datestamp, description, id, coa_id, program_idprogram) VALUES (5000000, '2021-02-01', 'Hasil penjualan merch 1 botol 1 tanaman', 136797084, 43010, 458134636);
INSERT INTO public.financialreport_impl (amount, datestamp, description, id, coa_id, program_idprogram) VALUES (5000000, '2021-02-01', 'Hasil penjualan makanan beli 1 dapat 1 beri 1', 1167247449, 43010, 1349531118);
INSERT INTO public.financialreport_impl (amount, datestamp, description, id, coa_id, program_idprogram) VALUES (7000000, '2021-02-02', 'Hasil penjualan merch sarung kalajengking duduk', 1201953396, 43010, 1343279926);
INSERT INTO public.financialreport_impl (amount, datestamp, description, id, coa_id, program_idprogram) VALUES (3500000, '2021-02-03', 'Donasi walikota', 1240456332, 41010, 1343279926);
INSERT INTO public.financialreport_impl (amount, datestamp, description, id, coa_id, program_idprogram) VALUES (2500000, '2021-02-03', 'Dana kantor sukabagi', 2028214889, 41020, 1343279926);
INSERT INTO public.financialreport_impl (amount, datestamp, description, id, coa_id, program_idprogram) VALUES (2200000, '2021-02-04', 'Garage sale panitia inti', 1027445410, 43010, 1343279926);
INSERT INTO public.financialreport_impl (amount, datestamp, description, id, coa_id, program_idprogram) VALUES (10000000, '2021-02-05', 'Donasi hamba Allah', 832811356, 42020, 1343279926);
INSERT INTO public.financialreport_impl (amount, datestamp, description, id, coa_id, program_idprogram) VALUES (25000000, '2021-02-05', 'Kas Umum daerah', 6667367, 12100, 1343279926);
INSERT INTO public.financialreport_impl (amount, datestamp, description, id, coa_id, program_idprogram) VALUES (2000000, '2021-02-01', 'Biaya listrik', 1400763756, 66200, 1349531118);
INSERT INTO public.financialreport_impl (amount, datestamp, description, id, coa_id, program_idprogram) VALUES (2000000, '2021-02-01', 'Cat tembok rutin', 1817062699, 66300, 1349531118);
INSERT INTO public.financialreport_impl (amount, datestamp, description, id, coa_id, program_idprogram) VALUES (3000000, '2021-02-02', 'Konsumsi panitia', 2143026892, 65200, 1349531118);
INSERT INTO public.financialreport_impl (amount, datestamp, description, id, coa_id, program_idprogram) VALUES (12000000, '2020-03-01', 'Donasi bupati rawabening', 1744316060, 41010, 1270189464);
INSERT INTO public.financialreport_impl (amount, datestamp, description, id, coa_id, program_idprogram) VALUES (3000000, '2020-03-03', 'Donasi PT Hachim', 1100084344, 41020, 1270189464);
INSERT INTO public.financialreport_impl (amount, datestamp, description, id, coa_id, program_idprogram) VALUES (1000000, '2020-03-05', 'Donasi Bapak Ahmad Shaleh', 1659899570, 42010, 1270189464);
INSERT INTO public.financialreport_impl (amount, datestamp, description, id, coa_id, program_idprogram) VALUES (5000000, '2020-03-11', 'Hasil penjualan buah klengkeng Desa Makmur', 1830411566, 43010, 1270189464);
INSERT INTO public.financialreport_impl (amount, datestamp, description, id, coa_id, program_idprogram) VALUES (15000000, '2020-03-11', 'Hasil penjualan buah durian Desa Makmur', 1376415860, 43010, 1270189464);
INSERT INTO public.financialreport_impl (amount, datestamp, description, id, coa_id, program_idprogram) VALUES (1250000, '2020-04-01', 'Biaya publikasi ke sosial media', 817722117, 65100, 1270189464);
INSERT INTO public.financialreport_impl (amount, datestamp, description, id, coa_id, program_idprogram) VALUES (4500000, '2020-04-03', 'Biaya konsumsi tukang bangunan', 2061382506, 65200, 1270189464);
INSERT INTO public.financialreport_impl (amount, datestamp, description, id, coa_id, program_idprogram) VALUES (4000000, '2020-03-15', 'Biaya sewa peralatan bangunan', 1942018872, 65400, 1270189464);
INSERT INTO public.financialreport_impl (amount, datestamp, description, id, coa_id, program_idprogram) VALUES (3500000, '2020-04-15', 'Biaya bensin dan token listrik', 986294365, 66200, 1270189464);
INSERT INTO public.financialreport_impl (amount, datestamp, description, id, coa_id, program_idprogram) VALUES (25000000, '2019-05-01', 'Donasi PT Medicare', 275080470, 41020, 1843226349);
INSERT INTO public.financialreport_impl (amount, datestamp, description, id, coa_id, program_idprogram) VALUES (12500000, '2019-05-03', 'Donasi Pemerintah Pusat', 1614940375, 41010, 1843226349);
INSERT INTO public.financialreport_impl (amount, datestamp, description, id, coa_id, program_idprogram) VALUES (10000000, '2019-05-05', 'Hasil penjualan merch kacamata buy 1 get 1 give 1', 211374222, 43010, 1843226349);
INSERT INTO public.financialreport_impl (amount, datestamp, description, id, coa_id, program_idprogram) VALUES (5000000, '2019-06-01', 'Biaya listrik dan internet', 1008740523, 66200, 1843226349);
INSERT INTO public.financialreport_impl (amount, datestamp, description, id, coa_id, program_idprogram) VALUES (7500000, '2019-06-05', 'Biaya perawatan alat tes mata', 69462978, 66300, 1843226349);

INSERT INTO public.financialreport_income (paymentmethod, id, record_id) VALUES ('Bank Transfer', 1388483275, 136797084);
INSERT INTO public.financialreport_income (paymentmethod, id, record_id) VALUES ('Check', 1157936052, 1167247449);
INSERT INTO public.financialreport_income (paymentmethod, id, record_id) VALUES ('Check', 1400048060, 1201953396);
INSERT INTO public.financialreport_income (paymentmethod, id, record_id) VALUES ('Check', 1919840698, 1240456332);
INSERT INTO public.financialreport_income (paymentmethod, id, record_id) VALUES ('Check', 1642167749, 2028214889);
INSERT INTO public.financialreport_income (paymentmethod, id, record_id) VALUES ('Bank Transfer', 1953009901, 1027445410);
INSERT INTO public.financialreport_income (paymentmethod, id, record_id) VALUES ('Check', 411412694, 832811356);
INSERT INTO public.financialreport_income (paymentmethod, id, record_id) VALUES ('Cash', 1559536658, 6667367);
INSERT INTO public.financialreport_income (paymentmethod, id, record_id) VALUES ('Check', 833283320, 1744316060);
INSERT INTO public.financialreport_income (paymentmethod, id, record_id) VALUES ('Check', 1239680427, 1100084344);
INSERT INTO public.financialreport_income (paymentmethod, id, record_id) VALUES ('Bank Transfer', 1084147785, 1659899570);
INSERT INTO public.financialreport_income (paymentmethod, id, record_id) VALUES ('Cash', 1432990401, 1830411566);
INSERT INTO public.financialreport_income (paymentmethod, id, record_id) VALUES ('Cash', 558007821, 1376415860);
INSERT INTO public.financialreport_income (paymentmethod, id, record_id) VALUES ('Bank Transfer', 1131167598, 275080470);
INSERT INTO public.financialreport_income (paymentmethod, id, record_id) VALUES ('Check', 1229141793, 1614940375);
INSERT INTO public.financialreport_income (paymentmethod, id, record_id) VALUES ('Cash', 842971921, 211374222);

INSERT INTO public.financialreport_expense (id, record_id) VALUES (881540967, 1400763756);
INSERT INTO public.financialreport_expense (id, record_id) VALUES (783411393, 1817062699);
INSERT INTO public.financialreport_expense (id, record_id) VALUES (1260375617, 2143026892);
INSERT INTO public.financialreport_expense (id, record_id) VALUES (1216370662, 817722117);
INSERT INTO public.financialreport_expense (id, record_id) VALUES (1686291873, 2061382506);
INSERT INTO public.financialreport_expense (id, record_id) VALUES (332886715, 1942018872);
INSERT INTO public.financialreport_expense (id, record_id) VALUES (879774870, 986294365);
INSERT INTO public.financialreport_expense (id, record_id) VALUES (1799375795, 1008740523);
INSERT INTO public.financialreport_expense (id, record_id) VALUES (403303456, 69462978);

-- insert into donation_comp(id) values(1161515969);
-- insert into donation_comp(id) values(694626296);
-- insert into donation_comp(id) values(873745424);
-- insert into donation_comp(id) values(2080541509);
-- insert into donation_comp(id) values(1975222761);
-- insert into donation_comp(id) values(-1188888571);

-- insert into donation_impl(amount, date, description, email, name, paymentmethod, phone, id, income_id, program_idprogram) values(5000000, '2022-11-27', 'Sumbangan sosial aktivitas', 'doni.siputar21@gmail.com', 'Doni Siputar', 'Transfer', '081257573939', 1161515969, null, 1336003443);
-- insert into donation_impl(amount, date, description, email, name, paymentmethod, phone, id, income_id, program_idprogram) values(250000, '2022-11-28', 'Sumbangan peduli Indonesia melihat jernih', 'suwarno31@gmail.com', 'Tono Suwarno', 'Transfer', '083864915921', 694626296, null, 1843226349);
-- insert into donation_impl(amount, date, description, email, name, paymentmethod, phone, id, income_id, program_idprogram) values(100000, '2022-11-28', 'Bantuan pengeboran tanah untuk pembuatan sumur', 'rmdnptr@gmail.com', 'Ramadhan Putra', 'Transfer', '08122218374', 873745424, null, 1270189464);

-- insert into donation_confirmation(proofoftransfer, receiveraccount, senderaccount, status, id, record_id) values('data:image/png;base64,iVBORw0KGgoAAAANSUhEUgAAANwAAAC5CAMAAAB0vaFaAAAAMFBMVEX+/v/9/f0rHR715eb40dNCODmnoKBeUlP9o6yCeHnOwsPh3N3weY3UeIjooaoAAADcnv+HAAATfklEQVR4nO1di3bjKq82wYYCSfr+b/ujGwiM28RO3D3nRGvNNE5s0IeEJMTF0/ShD33oQx/60Ic+9KEPfehDe8j8NQPvpP/T4Mb0/wlyh9X8+9itLR+N0XjkosH4H8ZrUurEkcKyuHLhvbMFkvMhX5gYnMDPF9Gqh3tJv4PlxykuS2ZYf+G/LxdBZ/zlcpHfTYSLDDH/cQTY2LDkr/hRE13SZbdiP4tsaW0TkNP6E3CeaUnIXMQL5h5RLdbCI54AJy/30u/fvmmoFHu1eAvlOmx0IavVBNK6eGbI+sq8YPtGQPhUwM8gJyACZxicMdYt1BAMPpBkEQ/8yfXk34BSrtoHFwk63/4SXBPykfUH2A4CaAiO5YYg8mP4K7E/AJf4V2eUZC8RzQ4ighpdbQSoKRWmXgAMCEUmTPv8beC/2Gfgs+hORCZ8QJYnYo8VE/hlcA7BFY5d0Ty8nRVasOcnsQ6pPiGu5EMsLO4GZ5MCRjw34LBXeeqBlgS1RGQS7CJ2OV9Ep8EJtKViY9F58CRWCssPMjbScOyU+Bujy7Y37sJnope2F1YmAWf5jvqZlHKJWSioX4TmgjACSC5UcFUS2iJiH/2Gfi3ickZu99zIYL2cNDNXugtd0tCwQ5fyFvjIHeNCNo3a2uWGxy+diEqgCriqZT6axtyzKmb+BZvlr3xuMlJkUFttY/ON3/55cGLJmaqzFXC5O1i8hcCJUlkjNoP+FC3twWXW+y5DvdYxtsC6nAWcH2eZB2o7tmikRnskB3wsWWKONaQBZ1NEE0piYcEtcYLvqWktu3AWHV56a0sfjnbNFLUn3QINwqVaI/Yz93atlZP73gluss5Bp7CsZqaCu2g7E9Few6cl+GUpvFNvY54IlWd28as0qLJqS8g6QJoRDBPJPki3EGb2gZNC/aW6V+3NiNAZJdKkb63H0iZOY8U/kRpoxJSUjnZFpM5+Ha+S8rNHwAk+HTtsgIuXnhx+5Yo68SVcZJUlZzhEB3ejzeTgdLGtm9daaXb3uYIPFSGtwC3eRRFqgxi1LhQuyIYEEkIkdtm2tuaSSEU9hlSZ76AW5EBm0jccAecacOSbwTPYIlT2udn85O9JLiQq5IJiDwKHFiCDY7NvV+BImycK/LjtmBHkg1qav7GHwU1i8KmW4rhEYz1rZUjoCCQYKf5wKuafPUHguJjRbYEzPTjERUaXsUXtFnaBM4lkwOgq05N06GLujRmCk3Ag3ylWRjQ59A4hFYEbEQwReRuvY3XTuIWd4CpHI3AsDw7+DZuXhZ32JL2W7AmLXYzfN44QdHWkJlQxPcc3sHooYXKUti+4FHTYZM5wQDEAZ8mVwc8F3EWDS+Lui22XccJKdlx8VQEZDxLSyLxg81D3HwQDT5BdqUIHLi1N3+AIqaplZUNGc1ORXefvpBdPZVBHQ1u+eZGGxtGYmNwD2Np+bVYRwpJixyPxVAyZNHs0nJdAcNBqFAzrHJHVasfScmCoqCGcLREFf7UczEVoV2kG4GLqVJ+a11d/BQ3vOZJBQUzMPaBbmsTJooXB+uydo17rKQeD3bsOi45gE2GZCq64lnSRuFGrfh4J5tAxSdZD4jj8RP6y5PvycDhp7mgkWjJiXXSQWMEXJ6Po3h49D051M4NuWOXjfGbOQIitaslfJFsAIZQqLM6SdKhruwTIdeLHHt0SJYwv1A53dxH1LK7dhkU3dhVK0x7Tim25nRHys+vfK9EXJT9Eg1u7GsofBJdUNzOoWcfK+4FW4CCJnQdSSxB5FnTfOOQ7Bg5GogFSObX6px7eWWutBpQ8JXZtILuIaHPYvqEdz9aTkpreeLYAq8jYH+9MjqmNqKssGV+Ga+08r+PuZ6lvn0eLg/tiJrc05PJX4weiA4lQF1tCTFVJlKpmZPf7fc7Q7rfbbZSreIrMc5qID8D8T+4rTdJTmT2fx0ZJa8PEMwflDsRXBKN6YcaWQd3u8+12vd5u83HNfBgWaY5NMSxjXA2APPgr0IpRvNQnQxyY05hBAazr1zxfb/cX9Lsn0JkUa5qIuAXySEXtigwDyo9zMDAIdhE8NCtnXHGeBfeVKcPKqvl1ux02mI8D4zkTxXtmNiqDknIfdF6nsrORF88cKIkHhYkkV6NZc78CuC/sdxnjWXoJs6bCdXZMwVGY0vguUlvMelaEOPYjJ43lwH82STjZhTAMDvDNGdw5kquzUjnQjSmJcWsds8IKPVOJMFh1DzUVRNU4Ete13K/Xu8A7q89lqYkY1h1l033kwNnX3tXfjSmSpbUqaFAqOHsCtMmyQnqY2H64NrQ/bm05xAHguLvNI5hsRQRd7nFvB2dgtEaqhbMbT8QwwFrIpjRqhazgKEfmW73M9vIK8K7ow98MTpLpWR/t8w0JPRXmxduOWeLKdX4r/4gOHDw49+e3LeqQ5l3CzmbMTztTxkgcgZZSRmlXQ1HKfeb63zlGIbE5mo98uhHz0HpJZQBos/+6g38upaO/66LtfPNclue8CxvyA5O9udPYvdWkpSTWcjB8vWHkeC+c2ybrfCpxvshxCm9XCc5xZG5zrHi7Q/CR/xR0lAY4Gv3vYYzSRXEy+9WjmoQ8iLnHGSijk+UKlAA7lFV+hpPSrcRSp7X7fbpcshL3menOojPGHJ6D+6nW7ppMGQVITrCZjbufqcZkRHOhK4iOrAzOPLwaHIeF5Qp8tQOPS0mAstRA33OkvnirkstAo7QVhpj92OBIRfX5yniqA2sPKwFockwl1w6aNHBe3OdQL6W8NAB3jPpulKOQdmwdQpFbzQUcqxLsyF11ugbcoaK7itoo1shyIpgYDqGMpkOTVz5cJUSN968TwKnPk2RvvKMQixfS1CFY/8i+Kjkm/uI+Z9+mlrpWweZk7tTygtfUYDvcyRFdHn9m1ZT8ASa432BQVEGmW1jBEV9U2F61wNPecaR9v97LwLyC07arTdnur3Iqs7dcFi20CNpXvAQblk3xZQ75BRzGX0U91KBIpTD214lzi0G1mi2zvwLuVWoCjJLRtBPPddFqMQ7S7J1SsrxmIDfFPMMocn+FpX/xNa444KRHnYF7CSEGGc5QBZEzDdwlr5SSRa3NgcwVxbx7zoCmxF3VbCOLDU1B9TJbppSOJSema1LYEJI1OUbjz7fdsuO1JrV+WS6leDqEaE1FRzgOIltmv65Xyg3B3/uMSXVGl3ZKTu3hwOvkL908+xtTGEkW7oEWXlVSj0g+3+77eLDYwVSNak+HfHUMwybJkgVaiWKvCpwIERw+XNwGcyYPVIDg6qpWygO3gnsbuKSwIbivL4UOsNkcUcwA7t5PKjxUgb3U5fVTFdybwWGRUdbbr7RSCJOyJLoXgJNRf6OVrweXi5T5okXWON9vP4Lbo5caHFQRLv1atPcIru7YkPD8PpDcFyxhL+CeZqQDF5sVPszI60nMpOddGUBxIDmQ3XwQHBsUYwY97k220iQnK4o5QLcjyRXrctsVpVjq01ghudSujd6ZzcZIT9bKDvVSsO0DZ+qq4iq4c8BNPFJN2+ZSwF0Hk4IPkInVHEtwcl76V1Zowkc7spcsuPu+iToKnGmJI0eVr8ewXXusE3QUOI+VstvR9XDxZQ1vmZQ4Ex36VVm3OV8H6CC0nPeOWSXASzhqXeJqZ9hbCRtUlMXMtxU6WUe0z+HKAk6P+4s8VnRypyuTXGt0KDd7AFz2ADh5upTo5ERw7qJmxRndVYvt8Kx/LOlmp7JCJ5DRFgWv53uBhwPVuz046183a0OXOxGckc02KhHQJBvElOznCF0cxeg4Sj0X3NKBo/wYIrvFo2LjQtW+j1PVksCpLyDjTStJo92xNqQtvpS5ysSeQUbveZ9KfszKdjbzCs9Ug2a82vH8znrLPrNSUEP7Sl3VQvth92XP9zewZJy70l6Hi0rU+csd4Hayw4tB3gyu2bb8NDjYDOCDez7olomQqczxlOmPZ4v6qZImDqKvHn5atnF49+O+glpbV+/CM0Bxfnl3w0p4F3tf+ehy/UvdgBMeQdfkDYPM8tByNosLVo5vl2jqsxBaBtlipH+hesZ10bdW7Rl4ZHOwnpG3BRzFXTCJdT0w9TGsT3Ipa1cgjWg6zJVLffoIBXC/VKbrFXDzjZeQYniyc3Jgoz4+a2FVu/bpFWZ7DlK6KAq/qpTZAkfBMs2Zv1J0pJZbkjODz2qbTHt0w68pgVYBBFy8yUhnhvV9r8x2ELg4jSIUzWqLcwgu7AR3reC+XgtuInCNWpoiHA2uj46MOkjqIXBt4rBsnp7VEPz+aouiE+mwzSrGNIjJ0WZHF0JZpGJaa1lOb9muqbmwkgeGzJ4MwHEc90pwrgGXcPeR3ifFYJKj5VO8HZy8RNSic1vgRqFdGc9VdPe903EPgzM8weRSBy8U8QinAFJvoyWDsnLm4xUtspqBvfj16PqFH8BVV2Bkf8vSBIyyCjMqVpGvqpjBmrrLU7fMdrWLzIXc0cndX74RBHPpQYErm64Wp9c6QBgZZNWKWJR6rNyCx6bYHt4mr/UEFSxlxgU4L98IgiNxXwTCHYwzKzrHEWtWuhEpjAt8wM108zx36Dax1eOdCkBliV8KTpafEDIwirT2si53QLvv7Yhhg7uNEdo88//W8uFvW7Um3s0zoJeCI4tSwEW9Q9PXPfKWNuesFxexYhE0y0tiEd0PbqHMCL4T20QZRCfuuzsTAsHxMDLwbegLUlIaK9hmkR993GaUa1E98x3QJnanClwKcFgUbPvO/8pUhZmo00kLLFpji+AqNtTMbVZte/TXm6BNZM65a3fmzky68twIbLsxUe1qCYTNWg1upo36xph119NLv16Np6+I7ZbtqLSljQkhgFkFgQZ9WiOBw0MHWmhzMe0rsdQD6d4Mj5cmrrHVtG+EfdEZVXMwZj08Uh6dV6T24rbg6uFY750UJHBpAK3Iro2PEVoXnQ2ArcEpFKKV07YnfA3hijY7ElxRzLJ32MM+fediEyb9Dg72j5fTm+U8ugv5lbdi4wNkQa06c1D1Ekc7QHoTai3hF3C5afjACb6bd3lZ82650XDaD7qMBleSC8Ut6ebB+ZlNcLFuFUosRjlk9u2kJLeGxyIyNbkw0COxluPnyaPRsQ0ZXZRTTpd3u4EG3FbLC4DtEjbA0TpYHtrwnoV6iubx86EeAcebRzfVim/7uZBNwdFSoSLCSkdPLXsc3CX+IrnfCtmWXF3kxXvqs8Gl0+rO6nNwSO8WuEd4GNhLNkd5aLPIyAZVFNwInYn4dmjixP1QL9fgNseeW7EXgROfGXnxL/rW0ZnIL0fHJ0Y/AG5TjCtvIGhor1WZ55bhNi2OOgMcbVgaYBuA2y7FaG9SsPG8vukpnAOOa1riAFwXimzbzCIYS+eSCTZeiu5VkGlxL+JJ4MSk+HltE8wK3Vh4Rry8UTGpMbKBoKTwSGiLs6eppXgD3wKbo9iE38CZJobmP6a+LSRwoG1KL3SnGZRJ3ijQdDsHx3nJSVHd7d3lGG85VD6ZluD4wuag9DcT2RSlma5EE8jcjhJZbn6Q4OK5oTMCZ+LF8fAa4dUXr1BI8dhKhb5EXsW5JkpSnxKhEHFWfAlgNBkpHB2NKMOO3hF5udyI6HDcE49CkXRlhkdvHYho1WgM7p/YLUQWJfGuhSG48t6h98HpmSrrSnEjnc2REhp1mph/YKlCW9iFzKGYW712AEOyU0Y8lR+rTqLMMgv47hULQe6y8XKMbcKgy/G8CpYuaS4E62ly4kTJmXKGHE61BQfTG7mVF/RKTxluFFywo/NBUYyBpjvPFB1QOcTGRnqxTICXsISnXK7hzSxKcN0NAV7ncqbkeA1DvNTz6MFso6NKy8Z7TTYK4h0R0uF6gp/dueCIr3DRbyjIrhg9lVudavhjIbkxvv06iy4/w2SYPbXPUb3GD+c7QXTucceEndRsgiNXcGqfK2yNpgQDvS7o0VIuP4ILHJ+cDc61WlnI0Xj6wVKijrz6H3lwfjYysuF+FA8Cu8k+GmSmH9Syrot6NfO/kVk2AkJg9/FjsSGf50fgWMPPDlAqV2NwfmxRhoqHOaclrsGhDiySpX0jjiHZ1stVsgKu42kDnFMWpb2bRwt/Am7pzleamH8CN43TDOty0GasZ4VlD3z6z4CbJOaIRXLN/MEwwMLNCr1c5STX+HCa/qVkL9vgeHipwMmPGxEWewN1J42qSCn/CtzgB1wbVQxK83fMZr8Ww9SJkEFO7RTaAIfHDbiVE99Wy0kOj6lrylJ5LfDARZxCdmviLA/rtGtqLc6oJJ7K8S7B2xnKiw7kqLt3MP8bGT22aXpdLAcA4mVnTkdFSZZrqS8z8K4xSCcThl9moG59e3cXg5KMvBOrUhBz+zeSw8DZqmzH5o2PTI9MaiVD1cnXMfssPf1SYXgjCtNwXIovDYcDa9HD/UW8XLmxTyUUcHAmr9xZHactR4sTleNcX8vxEyRrgp94wCXMbibbv+ax67IB3+9yyhqGDSoJosefAJmlBPLbwmYEnF/+ZJBa+Sjn5zz+SBZecj+vLSRwwf8puIlMSnhqKxSD09+s7/kvgJOXoD6TPe/BjV06qeXlTyUHueZMR8CNi4VSo/9LgzJNO+KjR8BxSPCnPhzZePqBx8H9e0Tg/kXOHyBwdafN3p9O0bldp6P+E/SPdqcPfehDH5qm/wElJqibmYOtsQAAAABJRU5ErkJggg==', '', '', 'PENDING', 2080541509, 1161515969);
-- insert into donation_confirmation(proofoftransfer, receiveraccount, senderaccount, status, id, record_id) values('data:image/png;base64,iVBORw0KGgoAAAANSUhEUgAAASwAAACoCAYAAABaK9MPAAAACXBIWXMAAA7EAAAOxAGVKw4bAAAgAElEQVR42u2dd5Bc13Xmf/e91zlNxMwAGGQIiSRAkASYA0iJlCxrKdKSLK2CFaxohbUtrcsqe721pMq1dkmyVpZk2aaWkrXrtSSLChapSJEAiEhEEjlMztM9ncMLd/8YEMAAM5ie1AFzv6opYLp7Xt9377nfO+fcE8S276ZjKEwIPd0f1KycMZvXvFH28CG5s2LucZ9Yyr+ILZN+TgoNK9w6oqRCoVwwgBo1DRPDDjRhz/I122QDTc5RvFgVcY+LGOawJjgglhTzcSUvCmWDpqag9IgKPwdpraCnlsMnnBcIyaxaHAVFWApXQvCMthGngkbUTJIPV5CZqqCgCKuC8Cot7GJFRY1pmzzF3c4ZtTgKirAUxkIKwTe1u0niqahxfVRup0Gm1AIpKMJSGIshEeSb4u6KMg1ryfIx50U06agFUlCEpTAWz4vXsVOsrKgxbaWNh+VxtTgKirAUrjYNvy7uZZBgxYxJAB+QL7FYqhA9BUVYClcgLnz8vXYvNqJixuTH5NPO8+jKNFRQhKVwJfaxlOfE+ooa03r6eEweBCnVAikowlK43A4TPCXuoIdIRQ3rnXI/qxhU66OgCEthLHLCzZe0bZgVtCwebD7jPI9XmmqBFBRhKYzFMdHMD8TNFTWmZQzzbrkXUKahgiIshbG2If8mNnOSBRU0InizPMom2aWWR0ERlsJY5IWLr2j3k8OomDG5cPiU81t8slBVcxmUORbLGKvkAItkrOrGrzAWhpqCykSbaODbYmtFJSQ3keSjcjtfZhtSiIqct4jMcoc8x62yg7X0UcvVFSgGCXJcNLNHLGMvS8kIjxK4arE/tn03rRwTlbo40uFJ5ydspLtixuQAfy0eZqdWWdH59TLF2+QBtslT+CkUHdEWx8uzYgM/FjcSF34ldIqwFGaCZhnnS873CZOvmDEN4+e/aL/HsCh/dL4mHR6Wx3mv3EOY3Izu6Z+1O3mR1RWrPSooH1bFo09E+GdxZ0Wdz9WT4cNsR2gFEHbZxmFImz+Wv+YT8oUZkdVr9/RZ51f8odyBLm0leBUK5cOqAvxarOVW2cE9nC3L90ug0+NifyjAsYCXTo+blAERfj1qJlounEIIK1NHIdWEkw/BHKcZeaTJXzjPcjOzd3IpgP8kjxImx5fZhiV0JXyKsBSmTBhC8A/aPax1+mgkXVKiOuH38sPGGo77vTgTmEqaYaIZUQx/FE/9WaxsLfmhVVjZujkhLk06fFo+P6tkdTnul6dJ4OWb3A3KPFQmocLUERN+vq7dW7LaWRlN8FRLPV9Y2syrAd+EZHWVliIkLn+UQOs+fM1HQZv9CPnflUe5V85dZdTRuLNXuFueVYKnCEthutgjlvNLsW7Ov2fY0HlyaQu/qQ0XTVTjEZcn0k2odQ+akZm1sTXJBP9Z7p3zuhY6ko/J7YRkTgmeMgkVpot/Endyg+xhEfE5uX70Aln1e1xX2IeSxXmTu+Ip1mVyLMybBByHjCbo8bj5h8ANdIZNdG9y7Mb3Jgm07iXVuRVp+WY8vnfK/QQoTV5jDVk+KF/iyzygTMMKgQprqKTFkJIGUiwmRqNMESaHRJDAS78I00kNMeHnBtnD/3B+gnuWDURTwJNLWzjt9455vc60eFd/lNsS6QmfcGdp4LP6ozihYXyNJ9BcYzUTK1tDqnMLyOk7sutkmm8538EoYVFpG8HntbdwVCxSAqo0LAWQLJBJHpInuEOep5UYrvE2pIQcBu3UsUOs5EWxmofkyVkcBfyooeYqsnpdJscnuwaos6591L+CId7l7OdbyTuxsrX4Ww7j8kcv07RG8NafITe0ZtpjvF+eKilZvWYafsjZyZ9qj2EKtV0UYc1jRGSW98g9bJMn8RTRX9qLxRoGWCMHZr0EzYDL4Gf1Y2txLcvm+VxHHz5nciVcAG+Vh9krl/GqtZB092aCi/dh+EZNVyHAU3ueQrwVx5xGRLmU3Cbby7JOqxjiYXmcn4obldCWGcrpXiat6i55lm84/5c3ymNFkdWVcM2ypvFsfYS8dkkc/LbNp7oGiiKry7WRzzi/IShz4LhI99yMY196JgpN4qk7N63xebFYyVDZVuxdch8RmVGiqwhrfkFIh3c7+/ivzi9mHJ09W8hogj3hwJjXfmc4TpNpTflaC0nwAbkLISXS8pEfXjWmwrIr1DutUId60gQoX6WFCDneLg8oAVaENZ8UK8l75R7eIfejV1CyzRmfl4Shj9GutsWS077eQ/IEt3MegEJ8MdK5dOKo6RaGb+rdeOpKGDA7EX5HvkKLjCs5LiOUD6uEeFge523yIJV2QH7KP7a8yvp0jrA9anIOugx2XaF9FYMN9kGOJ5oZcfxY6Xrc4b5LQueLYaWnVqBQr4B2sy4c3i338jc8pMIcFGFd31gqh/mw3EElinmve2zM1erspcoQ/W6D/9dUN+VrLs/m+aORF3hCfwQrWzuGsHR3asrXcypk5u6RZ/ih2MiZCqoIq0xChdmdZOnwIWcnXqyKHF9KHxsbVW/Ozjhv5zyvd07gXBEwKvSp+6JiVEatKh3JO539CNX6TBHW9YqNdLOJrnknFAL4oHyJFucKf5g2dfNumCDZCjEIbqOdtfQpwVaEdX3id5yjFT3RxhXaQkabPfMrRJ7HtH1jXpO2e8rXyeKinfqK0bLe5qgTQ0VY1yEiMjNnZVBmCw1XmIDt3tmtcT7gHUuAjumd8jWkEOwTSytmzm6hg9VyQAm4IqzrCxvoxVOhvqvXsDw3tvzyK4HZ87Y5wOHgWB+WnZted+vnxeuwK8T5biB5TB5SAq4I6/rCGjlApR+Ar0vnMC6LaO9zuzge8M7KtY8FvGNOIaUEKzM9065fhNnN8oqZtzvlWZpVXFaJHxQKc4pFcqTix7jAtFidzXE84Ltofn2/sZZ16V6aCha/338piTlh6DxbF76qUUNTweSBy4JNI5aNBL7fWDvms0Y2OL1cwgv4rnYbtzrt00pnmgst6y3yCN8U9yhBVxrW9YFKSb+5FgTwSDQx5rUzPg/PNNbQaFr87nD84s+2WHJcjbGxMPZz98RT41Z/+MjweW6QvdMea7uo59/FpoqZuwflSUIyqwRdEdb1AXeF+69ew83JDOvSl208IXimoYZf1oamnEQkgV/VhvhBY82Y11dlctyRTPFJ57cE5PTblv1A3EwnNRUxb0EKbJOnlKArwro+kGauugoLENqFn5l7yXTgD3qH8TiXYqSkEDzdXM+/NNUVHeqQE4L/s6CObzfXjymv7LUd3t87jAYsZoQ/kLthmsGXWeHmKe3OCkjWGcUj8hiGag1WEujLH//8X6lpmDtspIsVDM8eTbk8GJFGXDVNo/+GG9CDtejeIAiBNKdvgoZth4aCxcsh/yW/kxCc8XvZEw6gSUnQcXihJnSVDyts2TgIvrG4kUOX/z2gSckHeofZeJkGt4IhzopGusX0NKUeIqySgyym/E7vMDmOiRZ6RUQJvCKs6kaLTLCZzlm5lhFuxFXXgu72ITQdcYEUhNAQhgvdF0TzhXAKWXCm98RfkjcJ2zZHg74xpJPWdQ6H/LxQExw1Ea8grKjL4GDIT/qKNB9NSt7XN8wDI6mrVPuNsotfi7XkhWtKBqfhj+JYPs6IBTwiXy175QsBuKXFDm2VEnhlElY3jovmWTFdXLUt6KG6iyQ14YK6PLgbWhGu6ZuiD8aSfLprgPA4ZZGlEEWboEHL5tNdAzw4QamaWrJ8TL6IkMXPkDvcTWDxPvzNR+jWgjwrNlTEOt9KB/UypQReEVZ14wyNDBKamRocqEHzhyclq4tPfN3ACDfOSGO4JZnhiXPd3B5PoU/R16RLydZ4iifO93BrMnPNOLS75dminda6N4av6VWEkLgjPQRb9/ID9zqSc+YnLB5eLO6Zw16JCsokLAkcoREix41M8yhfaLjrFiL04rrNSCmx0zGskX6YoankdyRbkxluTmXQJAy5jDFllK9EyLK5ZyTF+/uGeTiWJOBMrjkJYD297BArSYuJiUcYWYKL96MZ5mXaZB4rFMWd9bPeipV9rWvJ8Kx2gxJ6pWFVN34mNkxbC9C8AYRRnI/HMfMUBjuwRgZAzt4Z2rJcgff3DfO1Ux18rr0PbRyNa00mx9dOdfCBvmGW5wpTiu6PkONTzm/RJxqzsAgsPHhV67BR0srxH0ttXowEy17DdQXDLJNDSuCVhlXdyAo3AskmuqdnDnqu3YBUOg52chgz1gv2zJuM2ow2VD3t8/Jy2M/2miC/qg3zHw0RXooEyWpXh1IkdI294SAHgn5OXEjHyegahiNxO3LSJ2MTCdK4OSGar3rPt+A47tDEica2EBwM+clrgnXpXFmfwhncHBKtSujnCCo1p0T4kdjIVtnGOvqnZhHqxrXsP5xCDnOkD2nmp0FMAh2JA8QMnaNBH68GfJzxeYgaBtYUysyYmkaH102Hd2zpGMOR1FkWq7J51qez3JjOUmfaV5GKAN4r93BALqFDjK1wmh9ZiuGPontS1zC9BT9tqKHP7eLDPUNFmaNzgdvleb4jt2ALXQn9HEB1fi4hWmWUv3O+N6U8OFdtC3ogMq5WZSWGsFPR6ZuqrlUQGmBvOMA5nwe7BHXKdSlZlstzWyLDXfHUVQ1aT7GAz2mPXtW0VGiF0easwclNriW5Ap/u6qe5UPosAwl8Rvs9zghVQlmZhFWOhPCRwc0tdBTt4xEuD7p3bBMIO5fGHO7Gyc3sGP3ZhQbP1keIuoyrAkHnbEMLQcxl8ErQx3N1Yc75PPgdh8aChcZoOy+AI2LxVX/rDveguyfP24sbOrvDQW5PpPA7pX0eCyCFR5mFyiSskgmVNnVkaCJBhOwF00tjiAADhPiZ2MBtsp1bigwmdXJpZLgBIQTStrESA9jp2YnuLncyibzgezoY9LE4b/KWoRG2JNM8Jg9xQLbyqlh4UW/xNZ7AFSg+Y+CWZJo6szx3uEW28225FUeoMy1FWBUITTqso4/75Sk2y04aSGOMEy6axaCLWtpEPbYURUVoSzOHk8+AdLBGBpCz4FR/zXQZMabmZxGAITR0oSEATQikHPWB2dLBks70TuqEoMvr5muLF/CTXIHHB2N8PPkCn9UeIyM8uGs6cNd0FH25deks7+mLls35vpgYixmhgzq1ORRhVRY2yw7e7ezldUxeqM+HxWoGWS0Hp/Qd5nD3rIYpABSEYMA9cbiEW2isCNSy3FfDYl+IFk+QWpeXoO7Gqxu4hIZL0zEdG1M65GyLtG0SM3P05VN0ZhOcz45wNjNCYQppQp1eN19evIAb0jkeGjjAz4zX4Ws8MWFwvWP60FyXzETb9PFY9wieMna10ZFslh1XHR4oKMIqG4Iyx0fkjtKUFpGzf+LV53aN6fasIVjqi3BrTQubwgtY5a/D0CbXUVyajgsdv+6iDh+tvjA3Xdazz3IczmRiHEr0cyDex7lMbHItTAheCfrQAjECzsuIcbrsSAn52DJyQ6vxN7+CK9QLUifdvZkd9nnWs7Os8nGr7OAZNqmNogir/FgsY/y58xxLiVXtPbwcGq36ucDt5966Jdxd18pCbwh9lp3vhqaxNljP2mA9b29ZR18+xYvRTl6MdtCfv3b7eUcIhD6+dmalG8gNrgE0Mr034cmHcEw/Tj7MdrGSd8u9+DHLNr9r6Ccg89eM3ldQhFUSsnrS+TENpKv2HiwhGFrYyh+3buDWmmY8WmnEQBOChd4Qv79wPW9tXsOBeC8/6j/NmXR0Sr4vOx8k03cTlxI1NPLRlRffj4oAh1jMnZwv2xz7MFlLHy+zVG0aRVjlQUDm+UvnZ1VNVgCuxSv5o5vegCbK1x7Do+ncUbuYrTWLOJjo4197jnEuM3n9e+lopHs2Iu1raS6CF8Rq7pTlIywB3CS7eVkowprVh56agiIFUEo+IV9gEVXeJUU3cN18b1nJ6kqt65ZIC3+99gE+vvQWIsa1TSihOXjrz4G4dlDoy2IJiTJXcbhJdquNowirPLiV9uuifIix8S5EuLbyeFRoPNiwjC+uf4h765Zc88TVFeolsPAQaBP7qLLCxctiSVnvaSVD+GdQu15BEdb0NpO0eZezr+onS2tdjb7ulqLrapUDNS4vn1x2K59adhtBffywCyHAFRwksOjANTQtwS6xorxyg2TNFHNHFRRhzRg30MtqBqt7oZuX4LrrjQit8pdcE4J765fwhbUP0OoNT6xp+aOjmpYY/yTxZVopUN4k5HWyT20gRVilxQPyVMV3b77mk37FBlwPvBXhclfVuBd5Qzy55n5uiTRPTFrBQfxNr8A4mQU54eYVFpb1HtbKmRdSVFCENQVz0OFm2Vmdg/f4cN3xCMYdDxddBLAYZLNZRkZGLv7E43HkHEWWBwwXf7ridh6on/i0zRXuwVN/dlxi2FdmP9ZyhnGrFmCzBhXWMAmaSFBDeTv7vrYNi9byPD70lRsw1t2K8AdnfTzPPvssP//5zy/+HolEeOKJJ3C750aDc2s6H126Gbem8/PBc1e9LwR468/i5MOYqaYx7x0Ri4rO25wL1JKhjjR9qBZgirBKgGYS4yYylxIOgn913UB9qJ01mRyL8ibuyzQaGyAYwdW4EH3RCrRFyxFu75yNx7ZtTPPSCd3l/58zQRUaH2rdRMY22R7tHIe0JL7mo1htYaR1qUJrB3XE8Jctdk4AK+QQfapnoSKsUqDc2hWMnjbdJ07w3xoXktM1kBK/4xCwHfKaxsqaZj67+i7c2vVd5VITgo8vvYWkVeBQ4urTN003CbQcIdV520VvhyM0XhUt3FfGkJSVDPESK9Vmmg0ZUFMwiTkirYoYx6KCydsHYhdtoIyuM+h2EQhE+OSKrXi0+VGS163pfHrZbROeHuq+KJ7a9jGvldvxvkwOq42kCKs0yIrKOFkTwOtjCW5MZS6+5tF0/mTFViKu+ZVgG3Z5+Mzy2/CNkwM56s86g+a6ZAKeFE1lPadrJYaQ6qRQEVYJMIy/ohbrQ71DBOzRU6f3LLqR5f6aebkuy/w1vG/xTeOTu27hbTx58fceIiTwlm2sNWQJoiLeFWGVAL1Eyh58eDkaTJt39Me4JdLMw40r5vXavL5xOVtqxjf3XMF+DP/QRS25m/IRe4ACdVWeMK8Iq2o0rAD9M2w1f5UG4PJghBtwNSzGvWAZ7sYlGDVNaJ7itLl74ik+HllWMQnM5cT7F980bgqPEOBtOM1rQSFnRUNZx9lS7UnzirCqBEKwWyyfpdnWcNUtxL1gGUa4Ad0bRHN70Tx+jGAt7oZW3I1LEJP4pNxSEjh3XK0NsMAT4PGWteO+Z/hGCHu7QErOU17CWigVYSnCKhF+K1ZjzXSqNAN341J0f3ji5GMh0Dx+3I1LJtW27I6TSMtUiwO8oWEFCz3jB8iuDO7lhmwbbaK+vMRKUi2UIqzSoE3Us0csm4mahrt+IVqRp3lC03HVLYJrdX3OZXEGe9TiAF7d4B0L14+/dnU+3pn8Md5cBquMGaFNUhGWIqzS2YV8V9xGbppxtnoggnD7iv68dBysVBTsa+egyaFetTQXsLVmIYu8V/sapRDsXRLhM90/IG+X7/CkkZRaJEVYpUO7qON7YvP0CCtYW1QNKiklTj5DYaAdOznMZFn+TiKqFuYCXJrOmxaMH03+cksdfpkikM+UbXy1ZEZb/SgowiqVlvU9sZmTl7WwKuqvdBfCmDz4VDo2VnyAwmAH0ioyZierjsovx311S8cNJk15XBxuqgGzfFkLHkwCFNQiKcIqHWyh8UXtQdJMoVSLblxbu5ISO5uk0N+GnZpi2zD1xB4Dn25wT13ruO/tXtwAVvnKvBg4BFTwqCKsUqNL1PK0uL3oVI9rkZW0LcxYL+Zw9/Ra0Ks4rKtwV13ruK71E/URMmV0uo8SltKwFGGVAc+JDewrst+ctK2rittJKbEzCfL9bdiZxPSNVF9QLcYVWBOoo8519QFHxqVzOlK+NCsBhMipBVKEVR7T8GvavcSLyE+TVgFs67LfTczhbsxoDzgz86mISJ1ajCvg0nQ2hZvG1UaP1YbKOjaVT6gIq2wYFCG+pt1bHMFlRksIW6kR8v3ncXKzc8StNS5SCzEONobHORiRkpGAt6zjCkhlEs7ctFaYNnawkt+K1dwvT1/zc1Yyip1LIwuzWAzQ60fUN6lFGAerA3UYQsOSo5ViA7bN7w3E2DZS3uBNLyozQRFWOSEE/8DdrJO9NF0rMFA6s0tWgL50zaw2lrieUO/2Ue/y0Z9PsT6T40M9QzSZ5S/E6MFSi6NMwvIiIXx8TbsPu5QnULqBvmaTmvyJpkdoLPWFeHRohD9r76sIslIaliKsisF+sZT/EDeUbkOuuhEtUq8mfiKFtpDnA21dvG1whEoqHF3uZiaKsBQu4ttiK23M/amdCNVgbLyrbPdp2zbJ5FhfkJQSx6mMzSizaQq//j6h3k4llIqwFCZCVrj5G+2hqUXBT8MUdN31JoSnPKdd2WyWr371q+zYsWOsWZxI8I1vfINMJlPWNZCZFIVf/ptKCleEpVAM2kQDT2hvJDMXpKXruO55M1pjeTrAOI7D008/zeHDh8d9/8iRIzz11FPlI6t8lsJv/h0ZVx1qFGEpTG6qSckG2cO98gz2bE+rx4fr/reit64q2/11dHSwb9++a37mwIEDnD17tvRkZRYwX/gxMjagBPE6hwprmPFukdxMJ+9y9rOWfrRZbCglAa15Ca7b34AWKm93nGPHjl2VYjTR51auXFnC6ZdY+36D0698VoqwFK6JgMzzEbmd++Vp9FkkKgfo8rj4UUMN77vzTSzwlj9nsFj/VC5X2nw5+8wR7LOvKGFUhKVwLTTJBH/h/IzlzG4RvRdqgrwYCXLK78URgvdWSEWGhobimjjU1ZUuv9GJD2Pte75qZCaLCvSdKZQPaxpokXGedH4862QF0FCwOOfz4FwgqrRdGcGGmzZtwuu99umkYRhs3ry5JOORto350nNjEssrHZbaboqwSo2gzPF551laSMzJ9Tdkcnywdwjtgr8oUyGEFYlEePzxxyes7yWE4LHHHqO2trY0puDpw1UXvpDBozaQMglLCckfyp1zolldjjvjaU74vTxfG2bErIwaSkIItm3bhq7rPPPMMyQSlwg7FArx6KOPct9995VmFbJprKO7q056skKZhIqwSoibZDcPypMlUXvf2R/jWMDHUCFTMfcvhOD+++9ny5YtnD17lmg0Sl1dHStXrsTvL11xPOvYPshlqk5+0rjVJlKEVSLbWTq8x9lbshTngOPwke5BdrdUXnsov9/PjTfeWB4dN5PCPnWkKmUopUzCWXmYKxSBNfSzjr7Sfmc2z01dnUXFP80X2KcOgVV9hfAcBGlFWErDKhUekKemoV0JNK8fze2/ULtKIi0TJ5fGKbI+1qaONuS6fkR987xfA2lbWKerU7sy0ZSGpQirNNClwybZNTXV1RvEiCxAc43jtwjV45g5rJGBSYlL2Bbm7l/gfvid875gn9N1rip9VwAWOklFWMokLAVqSbOA4svrGuEGXPWLxicrACHQ3D5cjUvQA5On3MjoANaRXfNbu5IS+9yxqh1/Cg+mUPqBIqwSoIkkriKLr+mBGvRQfVGt6YUQGDVNaJ7ApJ+1TxyY363pCzmcvo6qHf4QqiWbIqwSoYYi67FrOkaksSiyuqA2IAs5ZDHR2raFfWz//DUH+7uq0tn+GgaEIixFWCWCKDKxWQ/UILTiivJKx8FMDFIYbEdaxfWrs88fR5rzs1WU09tW1eMfIKQ2kiKs0qDY+la6N1Dc9XJpCgNt2MkpmniWidNzft7Nv5QSZ6Cnqu+hj7DaSIqwSuV/KIaIBEJ3TaJV2ZixPsyhztGO0NPRNPrmYd2nfBaZGqnqW+gREbWRZgHq2KJIdT6LgW+yvnIT+K6klDi5FNbIAHKGycxObBApZfF+sutBw0rFwareFlkWGv1Kw1IaVqkQx0cXk1UhkEjHvvpV28KM9mIOd8+YrADIJMGZX+2iZCJW1eNP4CWOT20kRVglghDsE0sn31iF3Bityk7Hyfefx8nOXika6dgwz1J1qt0c7CNMQcVgKcIqJX4j1mBOMl12Jj4aqmAVMIe7MWO9MI7WNROkLZOYmZ1Xcy+zmaoef7uoUxtIEVZp0UuYneLazRWcfAZzpJ98fxtObm6qLCRx+E7PqzjzSMu6XHOtRpxHdelWhFUGs/A7Ygv5SZqf2+kRkHPnY4q6DHaM9HAo0T9/5n6WtdRS45xoUPtHEVYZfBEiwtPidsqp25z3uXGQ/GPHQZLWPAkiLeSrduh5dDpQJqEirDLhp+IGDrOobN//SmD0tGmgkOGpzkPzo1aWu3qrHHRSS0ZVGlWEVS7YQuer2v1lKRWS0DWOBS4dj78Y7eRXQ23XP2kVme5UiTgtFiDnUcycIqwKRK+I8E/izpJ/729rQlhXCP+3ug5zIj18Xc+38HirduzHUYUXFWFVAH4t1rJdlK4le1rTeK7+6mjpvGPzt2d305VNXLdzLYrM0axEHBMtarMowio/pBB8XdzDMKXpFuOWDs358VODRqw8XzjzEgP59PVJWMHqzMMbxk+vUCk5irAqBHHh539p908aUDobcEn4RPcAEXN80uovpK9b0hLh6jxlOyIWAcp/pQirgrBPLONpsZVSZPfVWzaf7B7ENUEuYWcuwV+d2n7dmYfDbhcFvfoc77vFcrVBFGFVHn6obeJb4g7sEjxN12VyfLhnCH2Ck8H+Qpq/OPUiRxMD18Xcvpoc5M/O76LHqC7CiuJnP0vV5lCEVZFGC/8uNvHX2huIM/cnWnck0rynbxgxAWklrDxfOLOTn/SfrtoUHltKnhs4yxOndzBi5Tnpr66Twp+IG8mp1vSzDn3545//KzUNs8FZgk5Rx4tiFWFyLCaGPkcx8QJYkSvgkpJjAe+4dbhsJIcS/XRlE6wPNebQYpgAAAoUSURBVODVq6dawIiZ4xvtB3im/xT2hTnUkdyZqA7/XA9hvqI9oLrkKMKqfGSEh11iObvFciSCJhJ4Jyn8ZyM4RgserEk/ezlprcnmCdk2R4K+CYMTu3JJdka7qHP5aPWGKr7w365YN//z7G5OpceWj44bOg/FErgqXGG0Efyt9no6hEp4npOH9bbvplUf9Lm0uaXDKgZ5nRyghTgRshg4pPEwRIDzop5jtJAQPv7A2cXb5MEpf8eesJ9vtjSS069t4W8KN/HeRTeyxBeuOOLqyMb5TvcrHIj3jf8BKflU1wBbk5VdauZ/i618T9uMOh1UhHXdY4FM8I/OdzGmaEpK4LTPw98vamTIfW2/iUto3FPXyqPNa1joCZaduLpzSZ7pO8n2aCfmJFUu7o4m+FhfZUb1O8D3xc18W9yuUnEUYc0ffM75BffJM9P625ih87VFjRzzeyesL/8a3ELjlpoW3rxgFasCdRiidOcvtnQ4nY7y7MA59o50U5isHI+UrBuK89EDZ2horgFX5Z0Y7mcJf6W9CSnUOZYirHmEFXKQLzk/wJhmZJcF/LQhwg8barG04p70S30R7q5r5c7aRTR75q7hZ18+xUuxLnZGu2jLxov6G91xePREF2851YUhJdQFobGyosdtBH+evYeXYw6e1puUECvCml/4E+dXbJOnZnSNdo+bb7XUc3qK4QCt3jAbwwvYEGpkua+GercPbRomjpSSYTPL+cwIryaHOJTopzOXmMoFWBFL8cFDZ1kWv+x0UNdg+YLRf8sIy5GcjqbZ3hFje0eME0MpMDw0vu/rCEOVk1GENY/QLON8xfkeAWZWoM8Cnq8N8UxDDSOuqR+xG0IjYnhY6A3R7AnQ4PZR4/Li1134NANdaNjSIetYZGyTuJln2MzSl0vRlUuSsPKT+qXGQyRX4NGTnTzQ1o/LGUc860PQUPpOysmCxZH+JNs7orzUOUJ/Os+Vw4s88qd4lm5SQqwIa37h7c7LvE/umZVrJXSN5+oi/Ko2RLqCI8a9psUbzvXxxjPdhAvXCO/QBCxbMOe+LEdKhjIFdneNsL0jxsG+BPH8tcNOfOsfJHTP+5UAzxFUZFuF4hmxkbvlWVYyNONrhW2Htw/GeCQa5xd1YX5VGyZZQcQVyps8eL6Ph873Upszi2ESGEpAS+2sj0VKydlYhu0dMXZ2xnh1MIXlFP9ML3QdRdoWQldbS2lY8wzL5RBfcr6Pa5ZTqwtCsDsc4IWaIKf8XpwyHMNrjmRVNMkD7X1s7R7GY0/jHhfXQ2DmlV8zps2R/iQ7OmNsb4/Sk5pZDfnax5/A1bBMCbDSsOYXzosGvitu431yz6yGIbql5N54irvjKQbcBvtCAQ6E/LR53RS0uXNmuy2bJfE0t/ZGubVnmKZ0bmbJrP0jsLRxyg54KSWDmQL7exK82BFlf098UlNvSg+EtgOKsJSGNU+fKNLmSefH3EDvnH6PBEYMndM+D6fcLs4YBj0hH1lDx5kGiWmOg9dyWJTMsDKWYs1wglXRJLW5wuzGgId80FIzadyZ5Th0JnKjp3rtUU4Mp8lZc1MUyGhcQe1b/3vFp0EpDUth1mEJna9o9/NF5wcEmbu2XgKotWy2JDNskRJG0pjDKYa8bob8Hob9HmJeN0m3i7yhk7nM4e03LTyWQ7BgUZsr0JDJ05DJUZ/N43bm+HmYzILPBbVXx4/ZjuRgX4LtHVF2dY3QNpItSYs2K9qBkxpCDzUqAVaENf/QLWp5StzJJ+VvS5OhJgTUBnF53bT0xGhJV3jn5YEEuAwIeolmTfb1jJ7qvdQZI1koQxNW26LQeRTf+m1KeBVhzU/8Uqxli2zjdtpK96U+NyxrhIE4JLIVOS+2lHRkTXbtb2d72uToQIq87ZR9XPn2A4qwFGHNXzhC46vafbzO6aeOEpKHrkFzzaivaDABBavsc5GzHU6kCmyPZtgZzdKWNbErzBNr9p7EyafRPAElvIqw5idiIsCXtAf5b87Ppp1rOG0TMegFvwdG0hBNQYm1mLTlsDuW5cVohr0jOYbKYepNAdLMYvaexLNssxJcRVjzFwfEEp4WW/mA3FX6ikuaGE0+rvHDSGaUvMy5IQ4pJd15hz3JAjtH8uzuj2NWWbnnfPsBRViKsBR+KDbSQoI3yVfLMwBNu0BcAUjnRskrm2emR3B5R3I6a/FS3GRnvEBH3saSo+RlCQFVRliF9oNI6SBUyRlFWPMZUmh8k7sIkeMeebZ8A9HEqG8r6AXLhlQeUjnIFaCIcAYpJSlbcihlsTNeYF/SZMB0xrFIBZpuYDuFqlonJxvHGjyPa8FKJbSKsOY3TGHwRR7EIy220F7ewQgxGlZQa0BtABwHcuaFnwLkLTCtixrYQMFmZ9xkV6LA4ZRFpghy0w0D2yxU3Trl2w8qwlKEpQBQEAZPao/wKfk82+SpyqkirmmjDnr/aJ6f5UhOxbLs7oyzszPOqbQ55UsKTUMIgaw2s7DjEPKWxxCaMgsVYSlgCZ2/4wGGCfK4PDhnrcWmimTB5uhQmp3dSfb0JhnMmDM617xoFlpmda3P8IWo9/ACJayKsBQAbKHzNFvpoJaPyxfxU/pN7UjJUNZiT2+SnT0Jjg5mSMxy6IFm6FVHWEiHfOdh/BterwRVEZbCZSoIz4s1nJf1/Inza1ZQmu4yp2NZXupJsqsnycloFmsOTTatSmtMFdoPKsJShKUwHtpEA3+sPc475AEekwfxMLtaTsa0OTqUYVdPkh3dCfozpdN4Rs1CHce2q2pNzL7TONkkmi+kBFQRlsJVG0QY/Au3sV2s5A+dnWyka9p1p6SUDGYtDvSn2NGd4MBAujwJxRfNQqPqCEuaWQq9x/Gu2KKEUxGWwkQmYjv1/KX2Zm6lg3c5+1jFYFEniZYj6Uzm2dmT5KXuBKdiWfIVkqyn6wYW+apbjkL7QUVYirAUJoMjNPayjP3aEm6hg0edw9xE91Ual+lIjgym2dGdYG9vio5kZZKC0DSEpiEdp6rWQdV6V4SlMEXi2scy9unLaJVRHpIn2Zx9hTN9A+zsSbK3N0nKrA4S0A0Dq1BlUe+ZEcyBM7hb1iphVISlMBWc6+7iq8d3IYfP49hW1Y1/9LSw+qLeCx2HFWHNdO3VFMw/yFwSe+B0VZLVRbOwCuul59sPKuFThKUwZbW6eS3orqod/2tR79UGO9aFnRhQAqgIS2FKGz5Qh167uLoF16hOb0a+7YASQEVYClPVUIxFN1a34Op6VY4733Gw6hK4FWEplN8sXHRD9QtvFZqFZv9pZD6lBFARlsKUFj7cgghWb988IQSaUYVallWg0P2qEkBFWApT2vC6gbFwQ1Xfg678WIqwFOYPXFXuxxJCq8rCeGbPMaSZUwKoCEthShpK02owPErLKjGczAjmYJsSQEVYClMzC10YLeurW4CrtkaWMgung/8PUGAoktqWkYwAAAAASUVORK5CYII=', '', '', 'DITOLAK', 1975222761, 694626296);
-- insert into donation_confirmation(proofoftransfer, receiveraccount, senderaccount, status, id, record_id) values('data:image/png;base64,iVBORw0KGgoAAAANSUhEUgAAASoAAACpCAMAAACrt4DfAAABC1BMVEX////m5ubl5eVjeYbuTFzk5OTy8vLS09T39/ft7e34+Pjx8fH7+/vr6+vp6ek/Rktbc4H4TF3tNUnV1dbb29tkeoc0RkpQX2goRkopMjkzO0FLV1/vQlTNztBWb351h5Kbpq2MmqIoMTfCyMy2vMCHlJ6krLLU3d2UoKfvQFLkTFvX4uJMZXNugo2vtbrESle2SlZIRkxSRkzuaHRAT1ja0dKZSVPdvcFxR09/SFDcqa5ITlPASlesSVT85ebtWWffhY3emJ6xPEnmc34RHycWRUnnlJubn6HjpapnbG+BUFnbS1qFiItcR03QS1h0eX3mf4iiPEiTUFqiSVNxQkpHXF9jeHzUM0UPHSbWySThAAAXDklEQVR4nO1di3/axpaWhPVCD2RLEIMtAUZwcYrJy0napt00t+16s02b7e3d3fv//yU7D81oRhoJSUhG/v32JG2OsQ2HjzPffPM6I0nQVBkY9Vzo2NBzkKfIsmJCb0g9A3oW9TToadSzoGfwngm9IfQc8MSqDT0XeuhlZeoFga+Huu6r8Bf6ElQaSm+gGqohNoBWGAb9CKqHUCmSilHC/2GwTh1UTajUtqJScVSKOCpZTzAK09TS7RMHJYJKoVApNColGxX1DPVQVCqNCscijEqhUSmyihMJ4OMHSkAxM04aFIEKYiWp0DBKwGTqJaEBc6iXhEY8A3ooNA16GvVwQNQzoYcDgh4OiL6sjD07ySPZRti4apA0xFMGlbws9hKWSBKquBUWprnFf3ZaKSMgD0WV4wYdNrcwUJlQVMxbyumCkthW2BeoQPMDSKlyChUISgOPAfjcfkOV5YYhT6O1o2K4AUfF0agyhEABpHioJAsBqJwmKCFUGCCFfmwy7Wegh2OhngE9i/c06Gm8Z0EPRwW9IfXoByjTqFxETL5LPjXa4yD5EJwmKDmTStggdSnUK6RREXkaPHnigATkaVLyFNEo6vroy6aEqugo204TlJDbTy1BLZRUKABFdl0mFBnS1dORoN1HBUk9xFE5jr6K49C1MTXYUEAEfYWqHbWn1FF7iKoQA8jLyIMWeUtIXbKkI7F1iqDEUIGkdxNGB45DvYQ8iWdAD8fiEk+DnsZ7FvQM4iU0Cr0h9TBBEA/2cz4MwI8GxLwoBN+XfEhjzimCkuAvYIBchE8f1Doa/QWSoroLb5BitYCh+DDhThFU4in9UusumkUAobibLFSKDzPuFEH1VK3DAYxfAJVOsqpfUFWeXkjUy6Go1CrCGHgQjxCM5PNQofmG4CRBZacXQOfsOK4NzYUu9UzoDKlnAM+1ijwNehrvWdAzeM+ELzbkPfiqAWyBGngpDqqNZNtIrqvSKYLCqKQexuvUal0jEvSBg8oFw2cIoqr8v1qnPACnYEI7C5UjK2jOSu6rBD1FVAHEys9D5UOklJ5B1XjCWGWjUsvnZovJE0oCQN8ZqPBM6MmCoh6eMKbchRh96FDypJ4BPavI06CnFXkW9Azeg+TpDDMeXtWSOQm6CdAil2ufKijazyF8AGAK4S7gydRLPkXgOdRLPkXiGdBLhDHwNOolwph4JvQSYQy8hDyBhz877KFOUOfVOmIwXz5dUDChqNcPCQpjgSMYPw+VftKg+qfWUSxwCMNDBdDTTxwUC5WikAQDmabQXFdoris01xWa64Q8icfkukJznXqmQnIdeQmNkpd1qRdks8qHs+0nDkqmnmRCG0ITeAZ0rCJPg55W5Fm8ZxR5zMu6/tYbjPGf8cDb6qZ9+qCoJ5FPjKj1Mm4XkafBk2cijPPkaVLyLKPReAnAQn+85TJ25V4EhTM6WYs4uQRNGcEeXT2Df0aS6/YmqD6p9TQq455A1aOgWKhoglHylIrIk+a6UiHXrSLyTIRxnjyN0TNgCKr+BIVDMaBh7iKeddhLiJL1hlkPfDOhUeoZBz3DvodAPQNQ9ScozO1FYuGAME4/uzaFMQoFcBXEamTUDqobtZ6KhS4lKF5Sqaz2XBcM4QBUHwBUH2Y4PKVyUK4zrBRUL9W6Fc+j9apKVHh/QrzfLudAUd2Bv3fjwXy52IeBA4a0FYJSrdU6mq/6rNZLct1aw0W9aHtIGLuO6cfLux1aKx0whtZOd+NlHBwOytqgF1tXb4ClQaWMzjRACxoi1FJP4z3tsDdc4/ftbSX6WP6JbUneL3c8RFnzot0ydjStJCh7g9davaVUMTytJCixJ9E0SvvlVoSxuSRvH2AliYWx46j7+a4UphSueWwVBmVtyKo0wKokKCa1qqj1jFjAbutqz1qnCCCsRGoP0EslnJKn2a1XpkNmQdmgUqTAT62Lg+qlWjfXLAYQq0xU4Mf3gxo4JU/kbVQzG5TKIoWxejS1LuL2QvUizHUeKYQVR56y6S7qJBTzTNE2yARlckghrCo3wFpqXQOWcBd0eU876Bkiz1hnYfC2NvoufDHwV9lWY6gCsEybeTF7EWV/Yj3UysLT0lAEnlXkHRYL9dW6k0OKcDsiT8neCHs8KA2AoFqvt8DW6/ndIKseKFgLvAMUBmXmkEr4qolaLxcL7UvQbIPAtlsl3GDFAo7yovF8sV+FfgDN99G/frjaL+ZjQUv1BnESlBvvBC8W7bNB9VOtu4LYB9EGR+UE6xyQ3ni9ASD5vp4zgJkfbtbjHFrR3MRBiT8Yrwuoaqj1ag1QDgSxewgpyTT32SblDZYxwCOPEoNXANR8Fi0vinFQxl7QSCOzRgMsZXSmAWqtm5UPfbwLbUiPuZ7RW+dwgkunf0PGoaXH6wzK0Rr1MMNgN85/NGb770uiaVQqFmqp9W0Wq7H3bLIyFTPMArUNGZxC31dlE3RptvTxzZs3P3369P6tnwLmB+F2kBkjQt0Q3F95Way8rVlXrVcQC4dpqrYEtec8JGPv6tmz+9jYcy0TyEk9SNNGNpMNTNAuzs7Orq+vb28/vvnp+7cUrUDP9J2gEQZw1nTAY+XN3aei1jUOK5BTcLbunhfw3kKnCaWyMBGoEgOAvfn0nqDlc4uqcN7iA5xffsbllTeH50NOpdbrDZc1l8EqQeoZ33bWIQEqMKWcMVAhuG4/fiK55Yc85GP45FcsVt7cPmq4XKrWEzpujwENg2I1Hlyhz308Zt9fTJqeOswDtVr9/cXZWRatn0lqBTHXG47xsgXFypu3TukYmWZTe4fn1glf4ZwCSLGZsCQSSs7jBOyX2eTX8yxWZ2e3H7//WyK2lhGH1RWDlTd35Hpz62ZVsdDVhDHGytvhVT2OdpOUSg7V5G02Gl0KoGLACjjFP8YLF2hYCZF6cnPrkNujeH9/xeeUN8d0HgaCpodtWgQVaIc/Y87ydbbnGEOo7rdxBJ4dnv071dx648Utdw5HM/t7HqllwlJWEVClUIEO8d+TVrjlsbpfW0YczZnwjlrcEjXALqbViRdLmjXc3DOqJ9oHOKWKgSpugPix6484sYI928veLyVDM/amVmtaPTPBXj7VLtE0qji1p1ScW6ef4nDO5FRCU24CysNGBNVNAVTf/oUfvf0PjFXM5NUdCsWVKwbVaGoPu93tpLCYAw7RCtGUnyx+rEazmVEdqheXk1cvMVY/Y8JaMVPq+ye/E8Zl3k6CFG18n2ej2YMAKnEDPH89Gk2+Sxrh2dssVpF+gp0wbe76stRipCQF8PeNQDEIs+r83WQ0epV+ncdKG1ZnhUaLWyl3mdU8zaxBmcO7DFKcmHoA+fO5alaNwKMv0y8vkHhnsQLjmUpBmZS9Gc847HW4EA9/ISUq3PfxstMGb3+6ykElEgvn/zkZTb7lHkVYMf0gnj48HFTjhfgOt3fIcnoU2dvmkZKkeDq6yaeVqAE+f305uvyDe+jiPWrPqb7aqZWC6p9ah0vMafObI5WQI6arUT6pxA3w/OXlP7IPIr4K1rxi6A4qrgG2e3CEPQgZ8IxOTDheLhguCwxzO68Y2lHrqqABCvaEV90dfmCfuO3Q5ocp3RfhIrDN/s93lZA6O8tQe+RW3rxeuGW9cPO6RNIoy+hH7VDF5ElbRkJUhePjnF0cBgnZNdKiQTozujYPBUW8Pqn1YSqp7hBSgtnOY6E6u/2EsKKcGOlPUa1LdOznoeZXNDt1FFRnF2/5Jji3u4ZKaf3giBzS8PG8Sw2kakCF6SpVDJFeFtRxB0cQY9mQu5y8Z0DPAp4t8jQHsTfvAceBXppUEWp+WkdQXf+EqJ2y1XxYEpQNOdsxRB54t+jskzMUeAgV1BmWz79UPE9GEj757ChTeXtfqBPayircBKloj0K5OKgqar2Q2zuToEvKVCipaiFVGSqkvj6iJkh3nq6tJ6bWLT6p0PPGcbtQnT//7jfwz+33XFp5aldQdVSUKR3FUk4fzm4+V+wGq0H116tkAI3Simbxxu2oKFOmHIzgnH75iX3x6XyLLmBuYFIhZOGUy82XSvReAarzF68mYKz4A3CvobhK02osVS4ZUF48wOFQcZLUklsqSZFIGJnuefF8KhSupqPRaCac96wP1W+/X4Jnm0zQCOgadYKkyUe+OCjliJIU3UlQk5L6ljIV4KoRyKvRqBWoXkCkLn//AzXA6+/Z1S5v+5TUOt3jGK3Y7s9+mM2mVbToYajO300moxdk/gF1giuayZ1C1W5RJo1GjUZ/DJe7XwUTxE2gOnt++WP6xe17diQYBcNOijLh4oSI21HxRs4buqhOIucldRJtW0q9pE4i8Wwy1Eekzgt10WpWE6jOnjNTWtf/BYmdTI95C0MQFPKSMo7UgxW8YPFGVOALe6iql0O9FJ+qBeSGPLeX12qzaf8X1h39VYeKswukc2kuDwVBpYxO214lbu9UgqZ7jLPtrzOoELGnLVAtg6pPat1d0b4o1/46guoMzvHRMile3AlUHah1k3bbsV97+NcQqgsIVUzJKh9UC2odf4ctzEuqmhMP1sAl9c2BhxOKehr0NN4jVBXVn1NoChXuA2nDB7Fkg7JkUo439UyZFuaVaWFeOV+Yl+KTaXuV1HqZrtIIvaIVLedRoLr+BKEic2RegVpvodxzuxJUJh8ukuoNqKoBVJistiSddfdpqHXK6vuGVNUEqttvmCGzF3cHVTVur6jWacBw+aEJVTWC6j1cjqDS1+1AradiIYVOoamlsGJBpgkll54HJGNlr+5CzbFQ6TphyWU2KJJQMk0omYoFmRULCk0tjEqKz2FdVfceFEUjStBrxuq2H//5x1m1lfjUsAiler0IKq7tNbicpeVTpgQq1AHWWCjF9jCdziaXk3/UhQoOA2kXOKgE1enVOgl33aADtD6gOa3RaPK6CVR0nmz4FNS6Qpa10Bb1MHMm65ARpOpj9RFBRXjdakutp/gkeLW5F5RsgPEW9bXCA0UKYJXbT1VqSC2QUWAUyCcpdMIz+kFdpe4aQ2VPR4xdlgBzzhlqgRmoauqqUkbvSoJSqKgCfbiZTWeArfH/psXLgT4P1R+FSP3w6yVjv74jUO0bQ9WOWm+aVRsC1WbGIjArhmrP/eDkZSFUP064H4Rzx9fsRGiHWSXeuNCMq9qD6q9CqF7wUImyqn2uar8HJFMhaQPc3MwYu2mhAf54OWEMrUggqEhWwc3GT+CCzqB5D2hXheogrStPQoJSqLbHiQXunMhh48WCcwqoat+FqRIZiCRo9b2yyD6wWE3qYMVLULOjMWA6n1B7ZkEWQEUGF2hjY82BjXbFYfVdZRWKlwJpgb+igc0xMwvI2p2vIlChpa2Sg7diewDyC/xN6KoyVvxweew8jSt/uEkYcX2AMrODOA6cJLsmP1TECk+u01l97WlMGB8/tQftK+4N0Q6qCoam9sjuWW9tPgpUR6/YbNgJ46qnRfL2cIPz6nk1qN7yE8ZdrdgUXNDZcB3w+GUIbCucV68qYcUvQ6ycDtYBW1franoKEAmrSltfxKbOIGFlTkwWGF7cIrJKzQbV0ws6VW7JtPaMMWP2s1lFyZBZMtVyQfVSrct0HaLxQnxqX2AjvHx3ECvM6iSdx/mgHu+Czjr7q5yjt3cwtkFYvTyE1cU37PaOTRlUjfdXFe3aMw/u2rOLdu2ZlNcXDTcNsRYirH470P74TUOr8l17drNde8ggdbW4F1ShDaHhVjTOVDguPNAN8lvRvEDJB9VLtS7ZNOaGGxx5G36ejSavS5sg3F6l02N1Y1sQVC/VumSUbJttZECN5rpB7suf+W2z3ULV5mmIdDN2rgU+fG2E1X6a7QbPv2Wmk/ObscVQtXlBZztnbDRzQFogt8VfWn2Y3TTrEYNppht8eTl5nQ6lv+G2+Befsal1QWf2jE37ah2SJz0gu2VmF9SvcFT3oRFUkns1u2TrOqKh9O948zrWn2Qf2mBrdnNyqwMJCnggPRuUnlv+giahbr42Hel8nTLd4HN0HAkMetBX/OHJUDDf2FO1DmPhD7mhJ/sCkJpeHdEfAnJnuOqH0SQZ86CkoqQ+GJsdFjpp5ewyfxdmeuiTnsc1ZrOSJcAqFt/8k6WrHy8nI0FSbZyjLugsPrtc7US88Gw8f+Sc82yHRp4eyN1/qbkmkbPg8p9sJ/j8u3c0qdJz3nJRUMeeiEfWep0F1cwc8665d6jItP/+My9F+aRaFgZ1bJ0F7LYrQeElbjo95705fn6Bsf/5ewYrfMqbMhWaqnpCRyeBZ6V1TvzaJSnK7OF/OaRwBR2mJEVZUD28oFNhC5149QudlNqKx+otX+jELwvquEpDR9SvKiwQhTyb1mSKapfPKbd/u802P1o+x5vb3dWv6q4qGmUrPBKsU5TpEFYXfPMLaOXfSGmphrGoKlpHElSCVylStsKlvo5YkMhiRfOKrzMEur8nWZZQltPCbnGdAnIPm82hYgwEq0z1qsh4mhd0Ki5TuzpTaJbYUCRKf5nNfhE8zEGNsMLlLpmyhHGndUHrV5utXqDboIXdvLm4hOMX0VAHjhVzD1pfb67YrwFWF6imf5Beq3FnN60aXqnaLLJW94Iy5KlkSqhmu0F1Opp+yAn5GxFUo9louuewSpBKS6hGutxpDWPsti9BMSOUF+YtqI0thAquys84VHGepvcIeRuzWlB9U+s4Frbcc5wr9xzCqb48WwkboPQZQPWF+VpFPBWz5Z4rBvVYF3TWrOKf9oIJVixffRhlGhW2qRAqFSZbulsL5dTRRcRrqfWKN0I0uhsCeJrOvJmkiD95tw9T8fSxGCo4NTijFWX8HFKh3SC8WndDHBQLjW8cSbx9Lq/8ZOgMFyVEWkvcACVjNv2SbJc0cH6yFx5szDpBNbpxpDsJSrxlqq6SazRCcvR0I1zqEtI6hJa0XQetxAYMT6XFCJ+kWqceczuPt0kuZymb6ivIKmJ2gJFi6m57d2bdoB5LrdfLdU105U/J4Lkoq7CZ+PcDJlkH46FSN6gGd261feuZ8Ca0AYPVHblIqnD0XAaVgVOKv0hqYBqP8C5wAAfFQvMbR9BnZw5Yo9eTFbTC4gZoqyFOqZh7QlVuEpRU935A7HYlQYnHYeUtyYWTshCsf81m/xICJePf8n228Xlj1W0WVL/UOvWGd9y7o1cpiprhClj+UYP+CneVonfnuk2D6sEFncJc58jFW4f0nVcpWmGb9MczF3SubeWIoNIGWEGtPwIfYuOvvfe8Lb0fNwyc0mXCIcUJ/MqWuyM32j5a/LUu6Gym1tN+OWaxQnfkppcJ66ojXHo2TDX9mUBfZC4T3ltNFUyD27wfQYJSRlCzV0wvuSuqAV4KvtsJjbscRfX1kH4bXlHNA+UNdPP4oHql1pmo1pn747258OJzZOyD8Jr4zMXXg2htuK0E1ZpaP3a4zAljM868X5Aay1jPoJUxeEH8cpD9xWjVUlDlkiqj1pPpBuBoRZ7WjqcNc4kF2uFgvlmBvPFzgIGHAn+1mQ+8HFBz2WgrKN6zMh7FR6JpVHFqr3G/TMlzlUsQBNfdYr8K9QCYDxECpoer/UIAE0zFFWCpNoPqwwWdeW6w3I3g3UO4wMPj8Xy+BTafj8f4EcEPRnu8FbrFoHqk1rmoTHWxE2FQybxooXUR1CkKnVQYmcqOuYkagQWAUjsKqsYFnaXeMRPsonlrzXA3IhY6ANRgr9ndBVXudbgQn/bLwjVv2XHCdZ126EXrVddB9UatZ9QerNsSzys1RM/bzWMV39HXbVC9UeuCqNR4uxP3dBSmaLddGZb7iEHVUesHtqK1uI7kyo6lr7Z3uyirDeDX0W68iJVHD6rtCzrLNzjW2UtoQ70MdflmO0+W7u/m68UmXgFwbLSz/PGDym5w/D+NB8UjS8LvGQAAAABJRU5ErkJggg==', '', '', 'BERHASIL', -1188888571, 873745424);

insert into financialreport_comp(id) values(1728073553);
insert into financialreport_comp(id) values(1910901354);
insert into financialreport_impl(amount, datestamp, description, id, coa_id, program_idprogram) values(100000, '2022-11-28', 'Bantuan pengeboran tanah untuk pembuatan sumur', 1910901354, 42010, 1270189464);
insert into financialreport_income(paymentmethod, id, record_id) values('Transfer', 1728073553, 1910901354);

INSERT INTO public.automaticreport_periodic_comp (id) VALUES (2084828950);
INSERT INTO public.automaticreport_periodic_comp (id) VALUES (1388119060);
INSERT INTO public.automaticreport_periodic_comp (id) VALUES (762392996);

INSERT INTO public.automaticreport_periodic_impl (isactive, name, id) VALUES (false, '2021', 2084828950);
INSERT INTO public.automaticreport_periodic_impl (isactive, name, id) VALUES (true, '2022', 1388119060);
INSERT INTO public.automaticreport_periodic_impl (isactive, name, id) VALUES (false, '2020', 762392996);

insert into automaticreport_financialposition_comp(id) values(786431280);
insert into automaticreport_financialposition_comp(id) values(1395795603);
insert into automaticreport_financialposition_comp(id) values(17341520);

insert into automaticreport_financialposition_impl(asetnetoterikatpermanen, asetnetoterikattemporer, asetnetotidakterikat, asettetap, investasijangkapanjang, investasilancar, kasdansetarakas, kewajibantahunan, pendapatanditerimadimukayangdapatdikembalikan, persediaandanbiayadibayardimuka, piutangbunga, piutanglainlain, propertiinvestasi, utangdagang, utangjangkapanjang, utanglainlain, utangwesel, id, periodic_id) values(0, 0, 35000000, 0, 0, 0, 47500000, 12500000, 0, 0, 0, 0, 0, 0, 0, 0, 0, 786431280, 762392996);
insert into automaticreport_financialposition_impl(asetnetoterikatpermanen, asetnetoterikattemporer, asetnetotidakterikat, asettetap, investasijangkapanjang, investasilancar, kasdansetarakas, kewajibantahunan, pendapatanditerimadimukayangdapatdikembalikan, persediaandanbiayadibayardimuka, piutangbunga, piutanglainlain, propertiinvestasi, utangdagang, utangjangkapanjang, utanglainlain, utangwesel, id, periodic_id) values(-9750000, 0, 67500000, 0, 0, 0, 83500000, 16000000, 0, 0, 0, 0, 0, 9750000, 0, 0, 0, 1395795603, 2084828950);
insert into automaticreport_financialposition_impl(asetnetoterikatpermanen, asetnetoterikattemporer, asetnetotidakterikat, asettetap, investasijangkapanjang, investasilancar, kasdansetarakas, kewajibantahunan, pendapatanditerimadimukayangdapatdikembalikan, persediaandanbiayadibayardimuka, piutangbunga, piutanglainlain, propertiinvestasi, utangdagang, utangjangkapanjang, utanglainlain, utangwesel, id, periodic_id) values(-12750000, 0, 123700000, 0, 0, 0, 143700000, 20000000, 0, 0, 0, 0, 0, 12750000, 0, 0, 0, 17341520, 1388119060);

insert into automaticreport_activityreport_comp(id) values(1912501186);
insert into automaticreport_activityreport_comp(id) values(1577567526);
insert into automaticreport_activityreport_comp(id) values(26373956);
insert into automaticreport_activityreport_comp(id) values(1565599271);
insert into automaticreport_activityreport_comp(id) values(1647176715);
insert into automaticreport_activityreport_comp(id) values(931843293);
insert into automaticreport_activityreport_comp(id) values(2084075626);
insert into automaticreport_activityreport_comp(id) values(742601040);
insert into automaticreport_activityreport_comp(id) values(1132646643);

insert into automaticreport_activityreport_impl(asetnetoawaltahun, bebandankerugianmanajemendanumum, bebandankerugianpencariandana, bebandankerugianprogram, berakhirnyapembatasanwaktu, jasalayanan, kerugianaktuarialdankewajibantahunan, lainlain, pembatasan, pemenuhanpembatasanpemerolehanperalatan, pemenuhanprogrampembatasan, penghasilaninvestasijangkapanjang, penghasilaninvestasilain, penghasilannetoterealisasikandanbelumterealisasikandariijp, sumbangan, id, periodic_id) values(0, 0, 0, 0, 0, 0, 12500000, 0, 'TIDAK TERIKAT', 0, 0, 0, 0, 0, 47500000, 1912501186, 762392996);
insert into automaticreport_activityreport_impl(asetnetoawaltahun, bebandankerugianmanajemendanumum, bebandankerugianpencariandana, bebandankerugianprogram, berakhirnyapembatasanwaktu, jasalayanan, kerugianaktuarialdankewajibantahunan, lainlain, pembatasan, pemenuhanpembatasanpemerolehanperalatan, pemenuhanprogrampembatasan, penghasilaninvestasijangkapanjang, penghasilaninvestasilain, penghasilannetoterealisasikandanbelumterealisasikandariijp, sumbangan, id, periodic_id) values(0, 0, 0, 0, 0, 0, 0, 0, 'TERIKAT TEMPORER', 0, 0, 0, 0, 0, 0, 1577567526, 762392996);
insert into automaticreport_activityreport_impl(asetnetoawaltahun, bebandankerugianmanajemendanumum, bebandankerugianpencariandana, bebandankerugianprogram, berakhirnyapembatasanwaktu, jasalayanan, kerugianaktuarialdankewajibantahunan, lainlain, pembatasan, pemenuhanpembatasanpemerolehanperalatan, pemenuhanprogrampembatasan, penghasilaninvestasijangkapanjang, penghasilaninvestasilain, penghasilannetoterealisasikandanbelumterealisasikandariijp, sumbangan, id, periodic_id) values(0, 0, 0, 0, 0, 0, 0, 0, 'TERIKAT PERMANEN', 0, 0, 0, 0, 0, 0, 26373956, 762392996);
insert into automaticreport_activityreport_impl(asetnetoawaltahun, bebandankerugianmanajemendanumum, bebandankerugianpencariandana, bebandankerugianprogram, berakhirnyapembatasanwaktu, jasalayanan, kerugianaktuarialdankewajibantahunan, lainlain, pembatasan, pemenuhanpembatasanpemerolehanperalatan, pemenuhanprogrampembatasan, penghasilaninvestasijangkapanjang, penghasilaninvestasilain, penghasilannetoterealisasikandanbelumterealisasikandariijp, sumbangan, id, periodic_id) values(35000000, 0, 0, 0, 0, 0, 3500000, 0, 'TIDAK TERIKAT', 0, 0, 0, 0, 0, 36000000, 1565599271, 2084828950);
insert into automaticreport_activityreport_impl(asetnetoawaltahun, bebandankerugianmanajemendanumum, bebandankerugianpencariandana, bebandankerugianprogram, berakhirnyapembatasanwaktu, jasalayanan, kerugianaktuarialdankewajibantahunan, lainlain, pembatasan, pemenuhanpembatasanpemerolehanperalatan, pemenuhanprogrampembatasan, penghasilaninvestasijangkapanjang, penghasilaninvestasilain, penghasilannetoterealisasikandanbelumterealisasikandariijp, sumbangan, id, periodic_id) values(0, 0, 0, 0, 0, 0, 0, 0, 'TERIKAT TEMPORER', 0, 0, 0, 0, 0, 0, 1647176715, 2084828950);
insert into automaticreport_activityreport_impl(asetnetoawaltahun, bebandankerugianmanajemendanumum, bebandankerugianpencariandana, bebandankerugianprogram, berakhirnyapembatasanwaktu, jasalayanan, kerugianaktuarialdankewajibantahunan, lainlain, pembatasan, pemenuhanpembatasanpemerolehanperalatan, pemenuhanprogrampembatasan, penghasilaninvestasijangkapanjang, penghasilaninvestasilain, penghasilannetoterealisasikandanbelumterealisasikandariijp, sumbangan, id, periodic_id) values(0, 0, 0, 9750000, 0, 0, 0, 0, 'TERIKAT PERMANEN', 0, 0, 0, 0, 0, 0, 931843293, 2084828950);
insert into automaticreport_activityreport_impl(asetnetoawaltahun, bebandankerugianmanajemendanumum, bebandankerugianpencariandana, bebandankerugianprogram, berakhirnyapembatasanwaktu, jasalayanan, kerugianaktuarialdankewajibantahunan, lainlain, pembatasan, pemenuhanpembatasanpemerolehanperalatan, pemenuhanprogrampembatasan, penghasilaninvestasijangkapanjang, penghasilaninvestasilain, penghasilannetoterealisasikandanbelumterealisasikandariijp, sumbangan, id, periodic_id) values(67500000, 0, 0, 0, 0, 0, 4000000, 25000000, 'TIDAK TERIKAT', 0, 0, 0, 0, 0, 35200000, 2084075626, 1388119060);
insert into automaticreport_activityreport_impl(asetnetoawaltahun, bebandankerugianmanajemendanumum, bebandankerugianpencariandana, bebandankerugianprogram, berakhirnyapembatasanwaktu, jasalayanan, kerugianaktuarialdankewajibantahunan, lainlain, pembatasan, pemenuhanpembatasanpemerolehanperalatan, pemenuhanprogrampembatasan, penghasilaninvestasijangkapanjang, penghasilaninvestasilain, penghasilannetoterealisasikandanbelumterealisasikandariijp, sumbangan, id, periodic_id) values(0, 0, 0, 0, 0, 0, 0, 0, 'TERIKAT TEMPORER', 0, 0, 0, 0, 0, 0, 742601040, 1388119060);
insert into automaticreport_activityreport_impl(asetnetoawaltahun, bebandankerugianmanajemendanumum, bebandankerugianpencariandana, bebandankerugianprogram, berakhirnyapembatasanwaktu, jasalayanan, kerugianaktuarialdankewajibantahunan, lainlain, pembatasan, pemenuhanpembatasanpemerolehanperalatan, pemenuhanprogrampembatasan, penghasilaninvestasijangkapanjang, penghasilaninvestasilain, penghasilannetoterealisasikandanbelumterealisasikandariijp, sumbangan, id, periodic_id) values(-9750000, 0, 0, 3000000, 0, 0, 0, 0, 'TERIKAT PERMANEN', 0, 0, 0, 0, 0, 0, 1132646643, 1388119060);